make: Entering directory '/home/osaleem/repos/linux-fslc'
  SYNC    include/config/auto.conf.cmd
  SYSHDR  arch/arm/include/generated/uapi/asm/unistd-oabi.h
  SYSHDR  arch/arm/include/generated/uapi/asm/unistd-eabi.h
  WRAP    arch/arm/include/generated/uapi/asm/kvm_para.h
  WRAP    arch/arm/include/generated/uapi/asm/bpf_perf_event.h
  WRAP    arch/arm/include/generated/uapi/asm/bitsperlong.h
  WRAP    arch/arm/include/generated/uapi/asm/ioctl.h
  WRAP    arch/arm/include/generated/uapi/asm/errno.h
  WRAP    arch/arm/include/generated/uapi/asm/ipcbuf.h
  WRAP    arch/arm/include/generated/uapi/asm/msgbuf.h
  WRAP    arch/arm/include/generated/uapi/asm/param.h
  WRAP    arch/arm/include/generated/uapi/asm/resource.h
  WRAP    arch/arm/include/generated/uapi/asm/poll.h
  WRAP    arch/arm/include/generated/uapi/asm/sembuf.h
  WRAP    arch/arm/include/generated/uapi/asm/siginfo.h
  WRAP    arch/arm/include/generated/uapi/asm/shmbuf.h
  WRAP    arch/arm/include/generated/uapi/asm/socket.h
  WRAP    arch/arm/include/generated/uapi/asm/sockios.h
  WRAP    arch/arm/include/generated/uapi/asm/termbits.h
  WRAP    arch/arm/include/generated/uapi/asm/termios.h
  UPD     include/generated/compile.h
  WRAP    arch/arm/include/generated/asm/extable.h
  WRAP    arch/arm/include/generated/asm/early_ioremap.h
  WRAP    arch/arm/include/generated/asm/flat.h
  WRAP    arch/arm/include/generated/asm/parport.h
  WRAP    arch/arm/include/generated/asm/dma-mapping.h
  WRAP    arch/arm/include/generated/asm/compat.h
  WRAP    arch/arm/include/generated/asm/exec.h
  WRAP    arch/arm/include/generated/asm/emergency-restart.h
  WRAP    arch/arm/include/generated/asm/kdebug.h
  WRAP    arch/arm/include/generated/asm/irq_regs.h
  WRAP    arch/arm/include/generated/asm/local.h
  WRAP    arch/arm/include/generated/asm/kmap_size.h
  WRAP    arch/arm/include/generated/asm/local64.h
  WRAP    arch/arm/include/generated/asm/mmiowb.h
  WRAP    arch/arm/include/generated/asm/preempt.h
  WRAP    arch/arm/include/generated/asm/msi.h
  WRAP    arch/arm/include/generated/asm/rwonce.h
  WRAP    arch/arm/include/generated/asm/serial.h
  WRAP    arch/arm/include/generated/asm/softirq_stack.h
  WRAP    arch/arm/include/generated/asm/simd.h
  WRAP    arch/arm/include/generated/asm/trace_clock.h
  HOSTCC  scripts/genksyms/genksyms.o
  WRAP    arch/arm/include/generated/asm/unaligned.h
  LEX     scripts/genksyms/lex.lex.c
  YACC    scripts/genksyms/parse.tab.[ch]
  HOSTCC  scripts/genksyms/parse.tab.o
  HOSTCC  scripts/genksyms/lex.lex.o
  HOSTLD  scripts/genksyms/genksyms
  DTC     arch/arm/boot/dts/imx31-bug.dtb
  DTC     arch/arm/boot/dts/imx35-eukrea-mbimxsd35-baseboard.dtb
  DTC     arch/arm/boot/dts/imx31-lite.dtb
  DTC     arch/arm/boot/dts/imx35-pdk.dtb
  DTC     arch/arm/boot/dts/imx50-kobo-aura.dtb
  DTC     arch/arm/boot/dts/imx50-evk.dtb
  DTC     arch/arm/boot/dts/imx51-apf51.dtb
  DTC     arch/arm/boot/dts/imx51-apf51dev.dtb
  DTC     arch/arm/boot/dts/imx51-babbage.dtb
  DTC     arch/arm/boot/dts/imx51-digi-connectcore-jsk.dtb
  DTC     arch/arm/boot/dts/imx51-eukrea-mbimxsd51-baseboard.dtb
  DTC     arch/arm/boot/dts/imx51-ts4800.dtb
  DTC     arch/arm/boot/dts/imx51-zii-rdu1.dtb
  DTC     arch/arm/boot/dts/imx51-zii-scu2-mezz.dtb
  DTC     arch/arm/boot/dts/imx51-zii-scu3-esb.dtb
  DTC     arch/arm/boot/dts/imx53-ard.dtb
  DTC     arch/arm/boot/dts/imx53-cx9020.dtb
  DTC     arch/arm/boot/dts/imx53-kp-ddc.dtb
  DTC     arch/arm/boot/dts/imx53-kp-hsc.dtb
  DTC     arch/arm/boot/dts/imx53-m53evk.dtb
  DTC     arch/arm/boot/dts/imx53-m53menlo.dtb
  DTC     arch/arm/boot/dts/imx53-mba53.dtb
  DTC     arch/arm/boot/dts/imx53-ppd.dtb
  DTC     arch/arm/boot/dts/imx53-qsb.dtb
  DTC     arch/arm/boot/dts/imx53-qsrb.dtb
  DTC     arch/arm/boot/dts/imx53-smd.dtb
  DTC     arch/arm/boot/dts/imx53-tx53-x03x.dtb
  DTC     arch/arm/boot/dts/imx53-tx53-x13x.dtb
  DTC     arch/arm/boot/dts/imx53-usbarmory.dtb
  DTC     arch/arm/boot/dts/imx53-voipac-bsb.dtb
  DTC     arch/arm/boot/dts/imx6dl-alti6p.dtb
  DTC     arch/arm/boot/dts/imx6dl-apf6dev.dtb
  DTC     arch/arm/boot/dts/imx6dl-aristainetos_4.dtb
  DTC     arch/arm/boot/dts/imx6dl-aristainetos_7.dtb
  DTC     arch/arm/boot/dts/imx6dl-aristainetos2_4.dtb
  DTC     arch/arm/boot/dts/imx6dl-aristainetos2_7.dtb
  DTC     arch/arm/boot/dts/imx6dl-colibri-aster.dtb
  DTC     arch/arm/boot/dts/imx6dl-colibri-eval-v3.dtb
  DTC     arch/arm/boot/dts/imx6dl-colibri-iris.dtb
  DTC     arch/arm/boot/dts/imx6dl-colibri-iris-v2.dtb
  DTC     arch/arm/boot/dts/imx6dl-cubox-i.dtb
  DTC     arch/arm/boot/dts/imx6dl-cubox-i-emmc-som-v15.dtb
  DTC     arch/arm/boot/dts/imx6dl-cubox-i-som-v15.dtb
  DTC     arch/arm/boot/dts/imx6dl-dfi-fs700-m60.dtb
  DTC     arch/arm/boot/dts/imx6dl-dhcom-picoitx.dtb
  DTC     arch/arm/boot/dts/imx6dl-eckelmann-ci4x10.dtb
  DTC     arch/arm/boot/dts/imx6dl-emcon-avari.dtb
  DTC     arch/arm/boot/dts/imx6dl-gw51xx.dtb
  DTC     arch/arm/boot/dts/imx6dl-gw52xx.dtb
  DTC     arch/arm/boot/dts/imx6dl-gw53xx.dtb
  DTC     arch/arm/boot/dts/imx6dl-gw54xx.dtb
  DTC     arch/arm/boot/dts/imx6dl-gw551x.dtb
  DTC     arch/arm/boot/dts/imx6dl-gw552x.dtb
  DTC     arch/arm/boot/dts/imx6dl-gw553x.dtb
  DTC     arch/arm/boot/dts/imx6dl-gw5903.dtb
  DTC     arch/arm/boot/dts/imx6dl-gw560x.dtb
  DTC     arch/arm/boot/dts/imx6dl-gw5904.dtb
  DTC     arch/arm/boot/dts/imx6dl-gw5907.dtb
  DTC     arch/arm/boot/dts/imx6dl-gw5910.dtb
  DTC     arch/arm/boot/dts/imx6dl-gw5912.dtb
  DTC     arch/arm/boot/dts/imx6dl-gw5913.dtb
  DTC     arch/arm/boot/dts/imx6dl-hummingboard.dtb
  DTC     arch/arm/boot/dts/imx6dl-hummingboard-emmc-som-v15.dtb
  DTC     arch/arm/boot/dts/imx6dl-hummingboard-som-v15.dtb
  DTC     arch/arm/boot/dts/imx6dl-hummingboard2.dtb
  DTC     arch/arm/boot/dts/imx6dl-hummingboard2-emmc-som-v15.dtb
  DTC     arch/arm/boot/dts/imx6dl-hummingboard2-som-v15.dtb
  DTC     arch/arm/boot/dts/imx6dl-icore.dtb
  DTC     arch/arm/boot/dts/imx6dl-icore-mipi.dtb
  DTC     arch/arm/boot/dts/imx6dl-icore-rqs.dtb
  DTC     arch/arm/boot/dts/imx6dl-lanmcu.dtb
  DTC     arch/arm/boot/dts/imx6dl-mamoj.dtb
  DTC     arch/arm/boot/dts/imx6dl-mba6a.dtb
  DTC     arch/arm/boot/dts/imx6dl-mba6b.dtb
  DTC     arch/arm/boot/dts/imx6dl-nit6xlite.dtb
  DTC     arch/arm/boot/dts/imx6dl-nitrogen6x.dtb
  DTC     arch/arm/boot/dts/imx6dl-phytec-mira-rdk-nand.dtb
  DTC     arch/arm/boot/dts/imx6dl-phytec-pbab01.dtb
  DTC     arch/arm/boot/dts/imx6dl-pico-dwarf.dtb
  DTC     arch/arm/boot/dts/imx6dl-pico-hobbit.dtb
  DTC     arch/arm/boot/dts/imx6dl-pico-nymph.dtb
  DTC     arch/arm/boot/dts/imx6dl-pico-pi.dtb
  DTC     arch/arm/boot/dts/imx6dl-plybas.dtb
  DTC     arch/arm/boot/dts/imx6dl-plym2m.dtb
  DTC     arch/arm/boot/dts/imx6dl-prtmvt.dtb
  DTC     arch/arm/boot/dts/imx6dl-prtrvt.dtb
  DTC     arch/arm/boot/dts/imx6dl-prtvt7.dtb
  DTC     arch/arm/boot/dts/imx6dl-rex-basic.dtb
  DTC     arch/arm/boot/dts/imx6dl-riotboard.dtb
  DTC     arch/arm/boot/dts/imx6dl-sabreauto.dtb
  DTC     arch/arm/boot/dts/imx6dl-sabrelite.dtb
  DTC     arch/arm/boot/dts/imx6dl-sabresd.dtb
  DTC     arch/arm/boot/dts/imx6dl-savageboard.dtb
  DTC     arch/arm/boot/dts/imx6dl-skov-revc-lt2.dtb
  DTC     arch/arm/boot/dts/imx6dl-skov-revc-lt6.dtb
  DTC     arch/arm/boot/dts/imx6dl-solidsense.dtb
  DTC     arch/arm/boot/dts/imx6dl-ts4900.dtb
  DTC     arch/arm/boot/dts/imx6dl-ts7970.dtb
  DTC     arch/arm/boot/dts/imx6dl-tx6dl-comtft.dtb
  DTC     arch/arm/boot/dts/imx6dl-tx6s-8034.dtb
  DTC     arch/arm/boot/dts/imx6dl-tx6s-8034-mb7.dtb
  DTC     arch/arm/boot/dts/imx6dl-tx6s-8035.dtb
  DTC     arch/arm/boot/dts/imx6dl-tx6s-8035-mb7.dtb
  DTC     arch/arm/boot/dts/imx6dl-tx6u-801x.dtb
  DTC     arch/arm/boot/dts/imx6dl-tx6u-80xx-mb7.dtb
  DTC     arch/arm/boot/dts/imx6dl-tx6u-8033.dtb
  DTC     arch/arm/boot/dts/imx6dl-tx6u-8033-mb7.dtb
  DTC     arch/arm/boot/dts/imx6dl-tx6u-811x.dtb
  DTC     arch/arm/boot/dts/imx6dl-tx6u-81xx-mb7.dtb
  DTC     arch/arm/boot/dts/imx6dl-udoo.dtb
  DTC     arch/arm/boot/dts/imx6dl-victgo.dtb
  DTC     arch/arm/boot/dts/imx6dl-vicut1.dtb
  DTC     arch/arm/boot/dts/imx6dl-wandboard.dtb
  DTC     arch/arm/boot/dts/imx6dl-wandboard-revb1.dtb
  DTC     arch/arm/boot/dts/imx6dl-wandboard-revd1.dtb
  DTC     arch/arm/boot/dts/imx6dl-yapp4-draco.dtb
  DTC     arch/arm/boot/dts/imx6dl-yapp4-hydra.dtb
  DTC     arch/arm/boot/dts/imx6dl-yapp4-orion.dtb
  DTC     arch/arm/boot/dts/imx6dl-yapp4-ursa.dtb
  DTC     arch/arm/boot/dts/imx6q-apalis-eval.dtb
  DTC     arch/arm/boot/dts/imx6q-apalis-ixora.dtb
  DTC     arch/arm/boot/dts/imx6q-apalis-ixora-v1.1.dtb
  DTC     arch/arm/boot/dts/imx6q-apalis-ixora-v1.2.dtb
  DTC     arch/arm/boot/dts/imx6q-apf6dev.dtb
  DTC     arch/arm/boot/dts/imx6q-arm2.dtb
  DTC     arch/arm/boot/dts/imx6q-b450v3.dtb
  DTC     arch/arm/boot/dts/imx6q-b650v3.dtb
  DTC     arch/arm/boot/dts/imx6q-b850v3.dtb
  DTC     arch/arm/boot/dts/imx6q-bosch-acc.dtb
  DTC     arch/arm/boot/dts/imx6q-cm-fx6.dtb
  DTC     arch/arm/boot/dts/imx6q-cubox-i-emmc-som-v15.dtb
  DTC     arch/arm/boot/dts/imx6q-cubox-i.dtb
  DTC     arch/arm/boot/dts/imx6q-cubox-i-som-v15.dtb
  DTC     arch/arm/boot/dts/imx6q-dfi-fs700-m60.dtb
  DTC     arch/arm/boot/dts/imx6q-dhcom-pdk2.dtb
  DTC     arch/arm/boot/dts/imx6q-display5-tianma-tm070-1280x768.dtb
  DTC     arch/arm/boot/dts/imx6q-dmo-edmqmx6.dtb
  DTC     arch/arm/boot/dts/imx6q-dms-ba16.dtb
  DTC     arch/arm/boot/dts/imx6q-ds.dtb
  DTC     arch/arm/boot/dts/imx6q-emcon-avari.dtb
  DTC     arch/arm/boot/dts/imx6q-evi.dtb
  DTC     arch/arm/boot/dts/imx6dl-b105pv2.dtb
  DTC     arch/arm/boot/dts/imx6dl-b105v2.dtb
  DTC     arch/arm/boot/dts/imx6dl-b125v2.dtb
  DTC     arch/arm/boot/dts/imx6dl-b125pv2.dtb
  DTC     arch/arm/boot/dts/imx6dl-b155v2.dtb
  DTC     arch/arm/boot/dts/imx6q-gk802.dtb
  DTC     arch/arm/boot/dts/imx6q-gw51xx.dtb
  DTC     arch/arm/boot/dts/imx6q-gw52xx.dtb
  DTC     arch/arm/boot/dts/imx6q-gw53xx.dtb
  DTC     arch/arm/boot/dts/imx6q-gw5400-a.dtb
  DTC     arch/arm/boot/dts/imx6q-gw54xx.dtb
  DTC     arch/arm/boot/dts/imx6q-gw551x.dtb
  DTC     arch/arm/boot/dts/imx6q-gw552x.dtb
  DTC     arch/arm/boot/dts/imx6q-gw553x.dtb
  DTC     arch/arm/boot/dts/imx6q-gw560x.dtb
  DTC     arch/arm/boot/dts/imx6q-gw5903.dtb
  DTC     arch/arm/boot/dts/imx6q-gw5904.dtb
  DTC     arch/arm/boot/dts/imx6q-gw5907.dtb
  DTC     arch/arm/boot/dts/imx6q-gw5910.dtb
  DTC     arch/arm/boot/dts/imx6q-gw5912.dtb
  DTC     arch/arm/boot/dts/imx6q-gw5913.dtb
  DTC     arch/arm/boot/dts/imx6q-h100.dtb
  DTC     arch/arm/boot/dts/imx6q-hummingboard.dtb
  DTC     arch/arm/boot/dts/imx6q-hummingboard-emmc-som-v15.dtb
  DTC     arch/arm/boot/dts/imx6q-hummingboard-som-v15.dtb
  DTC     arch/arm/boot/dts/imx6q-hummingboard2.dtb
  DTC     arch/arm/boot/dts/imx6q-hummingboard2-emmc-som-v15.dtb
  DTC     arch/arm/boot/dts/imx6q-hummingboard2-som-v15.dtb
  DTC     arch/arm/boot/dts/imx6q-icore.dtb
  DTC     arch/arm/boot/dts/imx6q-icore-mipi.dtb
  DTC     arch/arm/boot/dts/imx6q-icore-ofcap10.dtb
  DTC     arch/arm/boot/dts/imx6q-icore-ofcap12.dtb
  DTC     arch/arm/boot/dts/imx6q-icore-rqs.dtb
  DTC     arch/arm/boot/dts/imx6q-kp-tpc.dtb
  DTC     arch/arm/boot/dts/imx6q-logicpd.dtb
  DTC     arch/arm/boot/dts/imx6q-marsboard.dtb
  DTC     arch/arm/boot/dts/imx6q-mba6a.dtb
  DTC     arch/arm/boot/dts/imx6q-mba6b.dtb
  DTC     arch/arm/boot/dts/imx6q-mccmon6.dtb
  DTC     arch/arm/boot/dts/imx6q-nitrogen6x.dtb
  DTC     arch/arm/boot/dts/imx6q-nitrogen6_max.dtb
  DTC     arch/arm/boot/dts/imx6q-nitrogen6_som2.dtb
  DTC     arch/arm/boot/dts/imx6q-novena.dtb
  DTC     arch/arm/boot/dts/imx6q-phytec-mira-rdk-emmc.dtb
  DTC     arch/arm/boot/dts/imx6q-phytec-mira-rdk-nand.dtb
  DTC     arch/arm/boot/dts/imx6q-phytec-pbab01.dtb
  DTC     arch/arm/boot/dts/imx6q-pico-dwarf.dtb
  DTC     arch/arm/boot/dts/imx6q-pico-hobbit.dtb
  DTC     arch/arm/boot/dts/imx6q-pico-nymph.dtb
  DTC     arch/arm/boot/dts/imx6q-pico-pi.dtb
  DTC     arch/arm/boot/dts/imx6q-pistachio.dtb
  DTC     arch/arm/boot/dts/imx6q-prti6q.dtb
  DTC     arch/arm/boot/dts/imx6q-prtwd2.dtb
  DTC     arch/arm/boot/dts/imx6q-rex-pro.dtb
  DTC     arch/arm/boot/dts/imx6q-sabreauto.dtb
  DTC     arch/arm/boot/dts/imx6q-sabrelite.dtb
  DTC     arch/arm/boot/dts/imx6q-sabresd.dtb
  DTC     arch/arm/boot/dts/imx6q-savageboard.dtb
  DTC     arch/arm/boot/dts/imx6q-sbc6x.dtb
  DTC     arch/arm/boot/dts/imx6q-skov-revc-lt2.dtb
  DTC     arch/arm/boot/dts/imx6q-skov-revc-lt6.dtb
  DTC     arch/arm/boot/dts/imx6q-skov-reve-mi1010ait-1cp1.dtb
  DTC     arch/arm/boot/dts/imx6q-solidsense.dtb
  DTC     arch/arm/boot/dts/imx6q-tbs2910.dtb
  DTC     arch/arm/boot/dts/imx6q-ts4900.dtb
  DTC     arch/arm/boot/dts/imx6q-ts7970.dtb
  DTC     arch/arm/boot/dts/imx6q-tx6q-1010.dtb
  DTC     arch/arm/boot/dts/imx6q-tx6q-1010-comtft.dtb
  DTC     arch/arm/boot/dts/imx6q-tx6q-1020.dtb
  DTC     arch/arm/boot/dts/imx6q-tx6q-1020-comtft.dtb
  DTC     arch/arm/boot/dts/imx6q-tx6q-1036.dtb
  DTC     arch/arm/boot/dts/imx6q-tx6q-1036-mb7.dtb
  DTC     arch/arm/boot/dts/imx6q-tx6q-10x0-mb7.dtb
  DTC     arch/arm/boot/dts/imx6q-tx6q-1110.dtb
  DTC     arch/arm/boot/dts/imx6q-tx6q-11x0-mb7.dtb
  DTC     arch/arm/boot/dts/imx6q-udoo.dtb
  DTC     arch/arm/boot/dts/imx6q-utilite-pro.dtb
  DTC     arch/arm/boot/dts/imx6q-var-dt6customboard.dtb
  DTC     arch/arm/boot/dts/imx6q-vicut1.dtb
  DTC     arch/arm/boot/dts/imx6q-wandboard.dtb
  DTC     arch/arm/boot/dts/imx6q-wandboard-revb1.dtb
  DTC     arch/arm/boot/dts/imx6q-wandboard-revd1.dtb
  DTC     arch/arm/boot/dts/imx6q-yapp4-crux.dtb
  DTC     arch/arm/boot/dts/imx6q-zii-rdu2.dtb
  DTC     arch/arm/boot/dts/imx6qp-mba6b.dtb
  DTC     arch/arm/boot/dts/imx6qp-nitrogen6_max.dtb
  DTC     arch/arm/boot/dts/imx6qp-nitrogen6_som2.dtb
  DTC     arch/arm/boot/dts/imx6qp-phytec-mira-rdk-nand.dtb
  DTC     arch/arm/boot/dts/imx6qp-prtwd3.dtb
  DTC     arch/arm/boot/dts/imx6qp-sabreauto.dtb
  DTC     arch/arm/boot/dts/imx6qp-sabresd.dtb
  DTC     arch/arm/boot/dts/imx6qp-tx6qp-8037.dtb
  DTC     arch/arm/boot/dts/imx6qp-tx6qp-8037-mb7.dtb
  DTC     arch/arm/boot/dts/imx6qp-tx6qp-8137.dtb
  DTC     arch/arm/boot/dts/imx6qp-tx6qp-8137-mb7.dtb
  DTC     arch/arm/boot/dts/imx6qp-vicutp.dtb
  DTC     arch/arm/boot/dts/imx6qp-wandboard-revd1.dtb
  DTC     arch/arm/boot/dts/imx6qp-yapp4-crux-plus.dtb
  DTC     arch/arm/boot/dts/imx6qp-zii-rdu2.dtb
  DTC     arch/arm/boot/dts/imx6s-dhcom-drc02.dtb
  DTC     arch/arm/boot/dts/imx6sl-evk.dtb
  DTC     arch/arm/boot/dts/imx6sl-tolino-shine2hd.dtb
  DTC     arch/arm/boot/dts/imx6sl-tolino-shine3.dtb
  DTC     arch/arm/boot/dts/imx6sl-warp.dtb
  DTC     arch/arm/boot/dts/imx6sl-tolino-vision5.dtb
  DTC     arch/arm/boot/dts/imx6sll-evk.dtb
  DTC     arch/arm/boot/dts/imx6sll-kobo-clarahd.dtb
  DTC     arch/arm/boot/dts/imx6sll-kobo-librah2o.dtb
  DTC     arch/arm/boot/dts/imx6sx-nitrogen6sx.dtb
  DTC     arch/arm/boot/dts/imx6sx-sabreauto.dtb
  DTC     arch/arm/boot/dts/imx6sx-sdb-reva.dtb
  DTC     arch/arm/boot/dts/imx6sx-sdb-sai.dtb
  DTC     arch/arm/boot/dts/imx6sx-sdb.dtb
  DTC     arch/arm/boot/dts/imx6sx-sdb-mqs.dtb
  DTC     arch/arm/boot/dts/imx6sx-softing-vining-2000.dtb
  DTC     arch/arm/boot/dts/imx6sx-udoo-neo-basic.dtb
  DTC     arch/arm/boot/dts/imx6sx-udoo-neo-extended.dtb
  DTC     arch/arm/boot/dts/imx6sx-udoo-neo-full.dtb
  DTC     arch/arm/boot/dts/imx6ul-14x14-evk.dtb
  DTC     arch/arm/boot/dts/imx6ul-ccimx6ulsbcexpress.dtb
  DTC     arch/arm/boot/dts/imx6ul-ccimx6ulsbcpro.dtb
  DTC     arch/arm/boot/dts/imx6ul-geam.dtb
  DTC     arch/arm/boot/dts/imx6ul-isiot-emmc.dtb
  DTC     arch/arm/boot/dts/imx6ul-isiot-nand.dtb
  DTC     arch/arm/boot/dts/imx6ul-kontron-bl.dtb
  DTC     arch/arm/boot/dts/imx6ul-kontron-bl-43.dtb
  DTC     arch/arm/boot/dts/imx6ul-liteboard.dtb
  DTC     arch/arm/boot/dts/imx6ul-tqma6ul1-mba6ulx.dtb
  DTC     arch/arm/boot/dts/imx6ul-tqma6ul2-mba6ulx.dtb
  DTC     arch/arm/boot/dts/imx6ul-tqma6ul2l-mba6ulx.dtb
  DTC     arch/arm/boot/dts/imx6ul-opos6uldev.dtb
  DTC     arch/arm/boot/dts/imx6ul-pico-dwarf.dtb
  DTC     arch/arm/boot/dts/imx6ul-pico-hobbit.dtb
  DTC     arch/arm/boot/dts/imx6ul-pico-pi.dtb
  DTC     arch/arm/boot/dts/imx6ul-phytec-segin-ff-rdk-emmc.dtb
  DTC     arch/arm/boot/dts/imx6ul-phytec-segin-ff-rdk-nand.dtb
  DTC     arch/arm/boot/dts/imx6ul-prti6g.dtb
  DTC     arch/arm/boot/dts/imx6ul-tx6ul-0010.dtb
  DTC     arch/arm/boot/dts/imx6ul-tx6ul-0011.dtb
  DTC     arch/arm/boot/dts/imx6ul-tx6ul-mainboard.dtb
  DTC     arch/arm/boot/dts/imx6ull-14x14-evk.dtb
  DTC     arch/arm/boot/dts/imx6ull-colibri-aster.dtb
  DTC     arch/arm/boot/dts/imx6ull-colibri-emmc-aster.dtb
  DTC     arch/arm/boot/dts/imx6ull-colibri-emmc-eval-v3.dtb
  DTC     arch/arm/boot/dts/imx6ull-colibri-emmc-iris.dtb
  DTC     arch/arm/boot/dts/imx6ull-colibri-emmc-iris-v2.dtb
  DTC     arch/arm/boot/dts/imx6ull-colibri-eval-v3.dtb
  DTC     arch/arm/boot/dts/imx6ull-colibri-iris.dtb
  DTC     arch/arm/boot/dts/imx6ull-colibri-iris-v2.dtb
  DTC     arch/arm/boot/dts/imx6ull-colibri-wifi-aster.dtb
  DTC     arch/arm/boot/dts/imx6ull-colibri-wifi-eval-v3.dtb
  DTC     arch/arm/boot/dts/imx6ull-colibri-wifi-iris.dtb
  DTC     arch/arm/boot/dts/imx6ull-colibri-wifi-iris-v2.dtb
  DTC     arch/arm/boot/dts/imx6ull-jozacp.dtb
  DTC     arch/arm/boot/dts/imx6ull-kontron-bl.dtb
  DTC     arch/arm/boot/dts/imx6ull-myir-mys-6ulx-eval.dtb
  DTC     arch/arm/boot/dts/imx6ull-opos6uldev.dtb
  DTC     arch/arm/boot/dts/imx6ull-phytec-segin-ff-rdk-nand.dtb
  DTC     arch/arm/boot/dts/imx6ull-phytec-segin-ff-rdk-emmc.dtb
  DTC     arch/arm/boot/dts/imx6ull-phytec-segin-lc-rdk-nand.dtb
  DTC     arch/arm/boot/dts/imx6ull-phytec-tauri-emmc.dtb
  DTC     arch/arm/boot/dts/imx6ull-phytec-tauri-nand.dtb
  DTC     arch/arm/boot/dts/imx6ull-tqma6ull2-mba6ulx.dtb
  DTC     arch/arm/boot/dts/imx6ull-tqma6ull2l-mba6ulx.dtb
  DTC     arch/arm/boot/dts/imx6ulz-14x14-evk.dtb
  DTC     arch/arm/boot/dts/imx6ulz-bsh-smm-m2.dtb
  DTC     arch/arm/boot/dts/imx7d-cl-som-imx7.dtb
  DTC     arch/arm/boot/dts/imx7d-colibri-aster.dtb
  DTC     arch/arm/boot/dts/imx7d-colibri-emmc-aster.dtb
  DTC     arch/arm/boot/dts/imx7d-colibri-emmc-iris.dtb
  DTC     arch/arm/boot/dts/imx7d-colibri-emmc-iris-v2.dtb
  DTC     arch/arm/boot/dts/imx7d-colibri-emmc-eval-v3.dtb
  DTC     arch/arm/boot/dts/imx7d-colibri-eval-v3.dtb
  DTC     arch/arm/boot/dts/imx7d-colibri-iris.dtb
  DTC     arch/arm/boot/dts/imx7d-colibri-iris-v2.dtb
  DTC     arch/arm/boot/dts/imx7d-flex-concentrator.dtb
  DTC     arch/arm/boot/dts/imx7d-flex-concentrator-mfg.dtb
  DTC     arch/arm/boot/dts/imx7d-mba7.dtb
  DTC     arch/arm/boot/dts/imx7d-meerkat96.dtb
  DTC     arch/arm/boot/dts/imx7d-nitrogen7.dtb
  DTC     arch/arm/boot/dts/imx7d-pico-dwarf.dtb
  DTC     arch/arm/boot/dts/imx7d-pico-hobbit.dtb
  DTC     arch/arm/boot/dts/imx7d-pico-nymph.dtb
  DTC     arch/arm/boot/dts/imx7d-pico-pi.dtb
  DTC     arch/arm/boot/dts/imx7d-remarkable2.dtb
  DTC     arch/arm/boot/dts/imx7d-sbc-imx7.dtb
  DTC     arch/arm/boot/dts/imx7d-sdb.dtb
  DTC     arch/arm/boot/dts/imx7d-sdb-reva.dtb
  DTC     arch/arm/boot/dts/imx7d-sdb-sht11.dtb
  DTC     arch/arm/boot/dts/imx7d-smegw01.dtb
  DTC     arch/arm/boot/dts/imx7d-zii-rmu2.dtb
  DTC     arch/arm/boot/dts/imx7d-zii-rpu2.dtb
  DTC     arch/arm/boot/dts/imx7s-colibri-aster.dtb
  DTC     arch/arm/boot/dts/imx7s-colibri-eval-v3.dtb
  DTC     arch/arm/boot/dts/imx7s-colibri-iris.dtb
  DTC     arch/arm/boot/dts/imx7s-colibri-iris-v2.dtb
  DTC     arch/arm/boot/dts/imx7s-mba7.dtb
  DTC     arch/arm/boot/dts/imx7s-warp.dtb
  DTC     arch/arm/boot/dts/imx7ulp-com.dtb
  DTC     arch/arm/boot/dts/imx7ulp-evk.dtb
  DTC     arch/arm/boot/dts/vf500-colibri-eval-v3.dtb
  DTC     arch/arm/boot/dts/vf610-bk4.dtb
  DTC     arch/arm/boot/dts/vf610-colibri-eval-v3.dtb
  DTC     arch/arm/boot/dts/vf610m4-colibri.dtb
  DTC     arch/arm/boot/dts/vf610-cosmic.dtb
  DTC     arch/arm/boot/dts/vf610m4-cosmic.dtb
  DTC     arch/arm/boot/dts/vf610-twr.dtb
  DTC     arch/arm/boot/dts/vf610-zii-cfu1.dtb
  DTC     arch/arm/boot/dts/vf610-zii-dev-rev-b.dtb
  DTC     arch/arm/boot/dts/vf610-zii-dev-rev-c.dtb
  DTC     arch/arm/boot/dts/vf610-zii-scu4-aib.dtb
  DTC     arch/arm/boot/dts/vf610-zii-spb4.dtb
  DTC     arch/arm/boot/dts/vf610-zii-ssmb-dtu.dtb
  DTC     arch/arm/boot/dts/vf610-zii-ssmb-spu3.dtb
  GEN     arch/arm/include/generated/asm/mach-types.h
  SYSNR   arch/arm/include/generated/asm/unistd-nr.h
  SYSTBL  arch/arm/include/generated/calls-oabi.S
  SYSTBL  arch/arm/include/generated/calls-eabi.S
  CC      scripts/mod/empty.o
  CC      scripts/mod/devicetable-offsets.s
  MKELF   scripts/mod/elfconfig.h
  HOSTCC  scripts/mod/modpost.o
  HOSTCC  scripts/mod/sumversion.o
  UPD     scripts/mod/devicetable-offsets.h
  HOSTCC  scripts/mod/file2alias.o
  HOSTLD  scripts/mod/modpost
  CC      kernel/bounds.s
  UPD     include/generated/timeconst.h
  UPD     include/generated/bounds.h
  CC      arch/arm/kernel/asm-offsets.s
  UPD     include/generated/asm-offsets.h
  CALL    scripts/checksyscalls.sh
  LDS     scripts/module.lds
  AS      arch/arm/lib/ashldi3.o
  CC      arch/arm/mach-imx/cpu.o
  CC      arch/arm/vfp/vfpmodule.o
  CC      drivers/gpu/ipu-v3/ipu-common.o
  CC      certs/system_keyring.o
  AS      arch/arm/lib/ashrdi3.o
  AS      arch/arm/lib/backtrace.o
  AS      arch/arm/lib/bswapsdi2.o
  CC      block/bdev.o
  AS      arch/arm/lib/call_with_stack.o
  AS      arch/arm/lib/changebit.o
  CC      fs/open.o
  AS      arch/arm/lib/clear_user.o
  CC      crypto/api.o
  AS      arch/arm/lib/clearbit.o
  AS      arch/arm/lib/copy_from_user.o
  AS      arch/arm/lib/copy_page.o
  AS      arch/arm/lib/copy_to_user.o
  AS      arch/arm/lib/csumipv6.o
  CC      arch/arm/mach-imx/system.o
  AS      arch/arm/lib/csumpartial.o
  AS      arch/arm/lib/csumpartialcopy.o
  AS      arch/arm/lib/csumpartialcopyuser.o
  AS      arch/arm/vfp/entry.o
  AS      arch/arm/lib/delay-loop.o
  AS      arch/arm/vfp/vfphw.o
  AS      certs/system_certificates.o
  CC      arch/arm/lib/delay.o
  CC      arch/arm/vfp/vfpsingle.o
  AR      certs/built-in.a
  AS      arch/arm/lib/div64.o
  CC      crypto/cipher.o
  CC      arch/arm/mach-imx/irq-common.o
  CC      arch/arm/mach-imx/mm-imx3.o
  CC      arch/arm/vfp/vfpdouble.o
  AS      arch/arm/lib/findbit.o
  AS      arch/arm/lib/getuser.o
  CC      crypto/compress.o
  AS      arch/arm/lib/io-readsb.o
  AS      arch/arm/lib/io-readsl.o
  AS      arch/arm/lib/io-readsw-armv4.o
  CC      arch/arm/mach-imx/cpu-imx31.o
  AS      arch/arm/lib/io-writesb.o
  AS      arch/arm/lib/io-writesl.o
  CC      drivers/gpu/ipu-v3/ipu-cpmem.o
  AS      arch/arm/lib/io-writesw-armv4.o
  AS      arch/arm/lib/lib1funcs.o
  AS      arch/arm/lib/lshrdi3.o
  CC      fs/read_write.o
  AS      arch/arm/lib/memchr.o
  CC      block/fops.o
  AS      arch/arm/lib/memcpy.o
  AS      arch/arm/lib/memmove.o
  AS      arch/arm/lib/memset.o
  AS      arch/arm/lib/muldi3.o
  AR      arch/arm/vfp/built-in.a
  LDS     arch/arm/vdso/vdso.lds
  CC      arch/arm/vdso/vgettimeofday.o
  AS      arch/arm/lib/putuser.o
  CC      crypto/crypto_engine.o
  AS      arch/arm/lib/setbit.o
  AS      arch/arm/vdso/datapage.o
  AS      arch/arm/lib/strchr.o
  CC      arch/arm/mach-imx/mach-imx31.o
  AS      arch/arm/lib/strrchr.o
  CC      crypto/algapi.o
  AS      arch/arm/lib/testchangebit.o
  AS      arch/arm/lib/testclearbit.o
  CC      arch/arm/vdso/note.o
  AS      arch/arm/lib/testsetbit.o
  CC      arch/arm/mach-imx/cpu-imx35.o
  HOSTCC  arch/arm/vdso/vdsomunge
  AS      arch/arm/lib/ucmpdi2.o
  AR      arch/arm/lib/built-in.a
  AR      arch/arm/lib/lib.a
  CC      arch/arm/mach-imx/mach-imx35.o
  LD      arch/arm/vdso/vdso.so.raw
  MUNGE   arch/arm/vdso/vdso.so.dbg
  OBJCOPY arch/arm/vdso/vdso.so
  AS      arch/arm/vdso/vdso.o
  AR      arch/arm/vdso/built-in.a
  LDS     arch/arm/kernel/vmlinux.lds
  CC      arch/arm/kernel/elf.o
  CC      drivers/gpu/ipu-v3/ipu-csi.o
  CC      block/bio.o
  CC      arch/arm/mach-imx/cpu-imx5.o
  AS      arch/arm/kernel/entry-common.o
  CC      arch/arm/kernel/irq.o
  CC      drivers/connector/cn_queue.o
  CC      drivers/gpu/drm/drm_aperture.o
  CC      arch/arm/mach-imx/pm-imx5.o
  CC      fs/file_table.o
  CC      crypto/scatterwalk.o
  CC      arch/arm/kernel/opcodes.o
  CC      drivers/gpu/drm/drm_auth.o
  CC      drivers/connector/connector.o
  CC      drivers/gpu/ipu-v3/ipu-dc.o
  CC      arch/arm/mach-imx/tzic.o
  CC      arch/arm/kernel/process.o
  CC      crypto/proc.o
  CC      fs/super.o
  CC      arch/arm/mach-imx/avic.o
  CC      crypto/aead.o
  CC      drivers/gpu/drm/drm_cache.o
  CC      block/elevator.o
  CC      drivers/gpu/ipu-v3/ipu-di.o
  CC      arch/arm/mach-imx/cpuidle-imx5.o
  CC      drivers/connector/cn_proc.o
  CC      arch/arm/kernel/ptrace.o
  CC      arch/arm/mach-imx/cpuidle-imx6q.o
  CC      drivers/gpu/drm/drm_file.o
  CC      crypto/geniv.o
  CC      arch/arm/mach-imx/cpuidle-imx6sl.o
  CC      fs/char_dev.o
  CC      arch/arm/kernel/reboot.o
  AR      drivers/connector/built-in.a
  CC      drivers/gpu/ipu-v3/ipu-dp.o
  CC      arch/arm/mm/extable.o
  CC      arch/arm/mach-imx/cpuidle-imx6sx.o
  CC      block/blk-core.o
  CC      arch/arm/mm/fault.o
  CC      drivers/gpu/drm/drm_gem.o
  CC      arch/arm/kernel/io.o
  CC      arch/arm/mach-imx/cpuidle-imx7ulp.o
  CC      crypto/skcipher.o
  CC      fs/stat.o
  CC      arch/arm/kernel/setup.o
  CC      arch/arm/mm/init.o
  AS      arch/arm/mach-imx/ssi-fiq.o
  CC      drivers/gpu/ipu-v3/ipu-dmfc.o
  CC      arch/arm/mach-imx/ssi-fiq-ksym.o
  CC      arch/arm/mach-imx/anatop.o
  CC      drivers/gpu/drm/drm_ioctl.o
  CC      arch/arm/mach-imx/gpc.o
  CC      drivers/gpu/ipu-v3/ipu-ic.o
  CC      arch/arm/kernel/signal.o
  CC      arch/arm/mm/iomap.o
  CC      fs/exec.o
  CC      crypto/ahash.o
  CC      arch/arm/mach-imx/mmdc.o
  CC      block/blk-sysfs.o
  CC      arch/arm/mm/dma-mapping.o
  AS      arch/arm/kernel/sigreturn_codes.o
  CC      arch/arm/kernel/stacktrace.o
  CC      drivers/gpu/ipu-v3/ipu-ic-csc.o
  CC      drivers/gpu/drm/drm_drv.o
  CC      arch/arm/mach-imx/src.o
  CC      crypto/shash.o
  CC      block/blk-flush.o
  AS      arch/arm/mach-imx/headsmp.o
  CC      arch/arm/mach-imx/platsmp.o
  CC      arch/arm/mm/fault-armv.o
  CC      arch/arm/kernel/sys_arm.o
  CC      fs/pipe.o
  CC      drivers/gpu/ipu-v3/ipu-image-convert.o
  CC      arch/arm/mach-imx/hotplug.o
  CC      arch/arm/mm/flush.o
  CC      drivers/gpu/drm/drm_sysfs.o
  CC      crypto/akcipher.o
  CC      arch/arm/kernel/time.o
  CC      block/blk-settings.o
  CC      arch/arm/mach-imx/mach-imx6q.o
  CC      arch/arm/kernel/traps.o
  CC      arch/arm/mm/idmap.o
  CC      crypto/kpp.o
  CC      drivers/gpu/drm/drm_mm.o
  CC      fs/namei.o
  CC      arch/arm/mach-imx/mach-imx6sl.o
  CC      drivers/gpu/ipu-v3/ipu-smfc.o
  CC      block/blk-ioc.o
  CC      arch/arm/mm/ioremap.o
  CC      arch/arm/kernel/atags_parse.o
  CC      arch/arm/mach-imx/mach-imx6sx.o
  CC      crypto/rsapubkey.asn1.o
  CC      crypto/rsaprivkey.asn1.o
  CC      crypto/rsa.o
  CC      drivers/gpu/drm/drm_crtc.o
  CC      arch/arm/kernel/atags_proc.o
  CC      arch/arm/mm/mmap.o
  CC      drivers/gpu/ipu-v3/ipu-vdi.o
  CC      arch/arm/mach-imx/mach-imx6ul.o
  CC      block/blk-map.o
  AS      arch/arm/kernel/entry-armv.o
  CC      crypto/rsa_helper.o
  CC      arch/arm/kernel/bugs.o
  CC      crypto/rsa-pkcs1pad.o
  CC      arch/arm/mm/pgd.o
  CC      arch/arm/kernel/cpuidle.o
  CC      arch/arm/mach-imx/mach-imx7d.o
  CC      drivers/gpu/drm/drm_fourcc.o
  CC      arch/arm/kernel/fiq.o
  CC      drivers/gpu/ipu-v3/ipu-pre.o
  CC      arch/arm/mm/mmu.o
  CC      crypto/acompress.o
  CC      block/blk-merge.o
  CC      drivers/gpu/drm/drm_modes.o
  CC      arch/arm/mach-imx/mach-imx7ulp.o
  CC      drivers/gpu/ipu-v3/ipu-prg.o
  AS      arch/arm/kernel/fiqasm.o
  CC      fs/fcntl.o
  CC      arch/arm/kernel/armksyms.o
  CC      arch/arm/mach-imx/pm-imx7ulp.o
  CC      crypto/scompress.o
  AS      arch/arm/mach-imx/suspend-imx6.o
  AS      arch/arm/mach-imx/suspend-imx53.o
  AS      arch/arm/mach-imx/resume-imx6.o
  CC      arch/arm/mm/pageattr.o
  CC      arch/arm/mach-imx/pm-imx6.o
  CC      arch/arm/kernel/module.o
  CC      arch/arm/mm/proc-syms.o
  AR      drivers/gpu/ipu-v3/built-in.a
  CC      arch/arm/mm/alignment.o
  CC      block/blk-timeout.o
  CC      drivers/gpu/drm/drm_edid.o
  CC      fs/ioctl.o
  CC      arch/arm/mach-imx/mach-imx50.o
  CC      crypto/algboss.o
  CC      arch/arm/kernel/module-plts.o
  CC      arch/arm/mach-imx/mach-imx51.o
  CC      arch/arm/mach-imx/mach-imx53.o
  AS      arch/arm/mm/abort-ev6.o
  AS      arch/arm/mm/abort-ev7.o
  AS      arch/arm/mm/pabort-v6.o
  AS      arch/arm/mm/pabort-v7.o
  AS      arch/arm/mm/cache-v6.o
  AS      arch/arm/mm/cache-v7.o
  CC      arch/arm/mm/copypage-v6.o
  CC      arch/arm/mm/context.o
  CC      arch/arm/kernel/bios32.o
  CC      crypto/testmgr.o
  CC      arch/arm/mach-imx/mach-vf610.o
  CC      block/blk-lib.o
  CC      fs/readdir.o
  CC      fs/select.o
  AR      arch/arm/mach-imx/built-in.a
  CC      block/blk-mq.o
  AS      arch/arm/mm/tlb-v6.o
  AS      arch/arm/mm/tlb-v7.o
  AS      arch/arm/mm/proc-v6.o
  AS      arch/arm/mm/proc-v7.o
  CC      arch/arm/mm/proc-v7-bugs.o
  CC      crypto/cmac.o
  CC      arch/arm/kernel/isa.o
  CC      arch/arm/mm/l2c-common.o
  CC      arch/arm/mm/cache-l2x0.o
  CC      crypto/hmac.o
  CC      init/main.o
  AS      arch/arm/kernel/sleep.o
  CC      arch/arm/kernel/suspend.o
  CC      arch/arm/kernel/smp.o
  CC      crypto/crypto_null.o
  CC      drivers/gpu/drm/drm_displayid.o
  CC      block/blk-mq-tag.o
  AS      arch/arm/mm/l2c-l2x0-resume.o
  AR      arch/arm/mm/built-in.a
  CC      fs/dcache.o
  CC      block/blk-stat.o
  CC      drivers/gpu/drm/drm_trace_points.o
  CC      arch/arm/kernel/smp_tlb.o
  CC      crypto/sha1_generic.o
  UPD     init/utsversion-tmp.h
  CC      init/do_mounts.o
  CC      drivers/gpu/drm/drm_prime.o
  CC      arch/arm/kernel/smp_scu.o
  CC      crypto/sha256_generic.o
  CC      crypto/sha512_generic.o
  CC      drivers/usb/common/common.o
  CC      arch/arm/kernel/smp_twd.o
  CC      block/blk-mq-sysfs.o
  CC      arch/arm/kernel/arch_timer.o
  CC      arch/arm/kernel/machine_kexec.o
  CC      drivers/gpu/drm/drm_vma_manager.o
  CC      fs/inode.o
  CC      crypto/gf128mul.o
  CC      fs/attr.o
  CC      drivers/usb/common/ulpi.o
  CC      block/blk-mq-cpumap.o
  AS      arch/arm/kernel/relocate_kernel.o
  CC      arch/arm/kernel/patch.o
  CC      init/do_mounts_initrd.o
  CC      drivers/gpu/drm/drm_modeset_lock.o
  CC      crypto/ecb.o
  CC      drivers/usb/common/debug.o
  CC      arch/arm/kernel/insn.o
  CC      crypto/cbc.o
  CC      arch/arm/kernel/unwind.o
  AR      drivers/usb/common/built-in.a
  CC      init/initramfs.o
  CC      init/calibrate.o
  CC      block/blk-mq-sched.o
  CC      drivers/usb/core/usb.o
  CC      crypto/xts.o
  CC      crypto/ctr.o
  CC      drivers/gpu/drm/drm_atomic.o
  CC      arch/arm/kernel/devtree.o
  CC      arch/arm/kernel/swp_emulate.o
  CC      fs/bad_inode.o
  CC      crypto/gcm.o
  CC      init/init_task.o
  CC      drivers/bluetooth/hci_ldisc.o
  CC      drivers/usb/core/hub.o
  CC      block/ioctl.o
  CC      arch/arm/kernel/hw_breakpoint.o
  CC      fs/file.o
  CC      crypto/ccm.o
  CC      drivers/gpu/drm/drm_bridge.o
  CC      init/do_mounts_rd.o
  CC      block/genhd.o
  CC      arch/arm/kernel/perf_regs.o
  CC      crypto/aes_generic.o
  CC      drivers/bluetooth/hci_serdev.o
  CC      arch/arm/kernel/perf_callchain.o
  CC      init/version.o
  CC      drivers/gpu/drm/drm_framebuffer.o
  CC      fs/filesystems.o
  AR      init/built-in.a
  CC      drivers/gpu/drm/drm_connector.o
  CC      arch/arm/kernel/perf_event_xscale.o
  CC      arch/arm/kernel/perf_event_v6.o
  CC      crypto/deflate.o
  CC      block/ioprio.o
  CC      drivers/bluetooth/hci_h4.o
  CC      drivers/usb/core/hcd.o
  CC      fs/namespace.o
  CC      arch/arm/kernel/perf_event_v7.o
  CC      crypto/crc32c_generic.o
  CC      arch/arm/kernel/topology.o
  CC      crypto/crct10dif_common.o
  CC      block/badblocks.o
  CC      drivers/gpu/drm/drm_blend.o
  CC      crypto/crct10dif_generic.o
  CC      fs/seq_file.o
  CC      arch/arm/kernel/vdso.o
  CC      drivers/bluetooth/hci_ll.o
  CC      crypto/authenc.o
  CC      block/partitions/core.o
  AS      arch/arm/kernel/head.o
  AS      arch/arm/kernel/phys2virt.o
  CC      drivers/usb/core/urb.o
  AS      arch/arm/kernel/hyp-stub.o
  CC      arch/arm/kernel/psci_smp.o
  CC      drivers/gpu/drm/drm_encoder.o
  CC      block/partitions/msdos.o
  AS      arch/arm/kernel/smccc-call.o
  CC      arch/arm/kernel/spectre.o
  AR      drivers/bluetooth/built-in.a
  CC      block/partitions/efi.o
  CC      crypto/authencesn.o
  CC      drivers/gpu/drm/drm_mode_object.o
  CC      crypto/rng.o
  CC      drivers/usb/core/message.o
  AR      arch/arm/kernel/built-in.a
  CC      arch/arm/common/firmware.o
  CC      drivers/usb/core/driver.o
  CC      fs/xattr.o
  AR      block/partitions/built-in.a
  CC      block/blk-rq-qos.o
  AS      arch/arm/common/secure_cntvoff.o
  AR      arch/arm/common/built-in.a
  CC      arch/arm/probes/kprobes/core.o
  CC      arch/arm/probes/kprobes/actions-common.o
  CC      crypto/drbg.o
  CC      drivers/gpu/drm/drm_property.o
  CC      block/disk-events.o
  CC      fs/libfs.o
  CC      arch/arm/probes/kprobes/checkers-common.o
  CC      arch/arm/probes/kprobes/actions-arm.o
  CC      crypto/jitterentropy.o
  CC      drivers/usb/core/config.o
  CC      arch/arm/probes/decode.o
  CC      crypto/jitterentropy-kcapi.o
  CC      crypto/ghash-generic.o
  CC      arch/arm/probes/kprobes/checkers-arm.o
  CC      drivers/gpu/drm/drm_plane.o
  CC      arch/arm/probes/kprobes/opt-arm.o
  CC      crypto/ecc.o
  CC      block/blk-ia-ranges.o
  CC      block/mq-deadline.o
  CC      drivers/usb/core/file.o
  CC      fs/fs-writeback.o
  AR      arch/arm/probes/kprobes/built-in.a
  CC      arch/arm/probes/decode-arm.o
  AR      arch/arm/net/built-in.a
  CC      fs/pnode.o
  CC      drivers/gpu/drm/drm_color_mgmt.o
  AR      arch/arm/probes/built-in.a
  CC      drivers/usb/core/buffer.o
  AR      arch/arm/crypto/built-in.a
  AR      arch/arm/built-in.a
  CC      drivers/usb/core/sysfs.o
  CC      drivers/usb/core/endpoint.o
  CC      drivers/usb/core/devio.o
  CC      block/kyber-iosched.o
  CC      crypto/ecdh.o
  CC      block/blk-mq-pci.o
  CC [M]  drivers/siox/siox-core.o
  AR      drivers/amba/built-in.a
  CC      drivers/gpu/drm/drm_print.o
  AR      drivers/gpu/host1x/built-in.a
  CC      drivers/gpu/drm/drm_dumb_buffers.o
  CC      crypto/ecdh_helper.o
  CC      crypto/asymmetric_keys/asymmetric_type.o
  CC      block/blk-mq-debugfs.o
  CC      drivers/usb/core/notify.o
  CC      crypto/asymmetric_keys/restrict.o
  CC      drivers/gpu/drm/drm_mode_config.o
  CC      fs/splice.o
  CC      drivers/gpu/drm/drm_vblank.o
  CC [M]  drivers/siox/siox-bus-gpio.o
  CC      drivers/usb/core/generic.o
  CC      crypto/asymmetric_keys/signature.o
  CC      drivers/usb/phy/phy.o
  CC      block/blk-pm.o
  CC      drivers/gpu/drm/drm_syncobj.o
  CC      crypto/asymmetric_keys/public_key.o
  AR      drivers/gpu/vga/built-in.a
  CC      drivers/usb/core/quirks.o
  CC      io_uring/io_uring.o
  CC      fs/sync.o
  CC      drivers/usb/phy/of.o
  CC      crypto/asymmetric_keys/x509.asn1.o
  CC      drivers/usb/host/pci-quirks.o
  CC      drivers/usb/core/devices.o
  CC      block/bounce.o
  CC      crypto/asymmetric_keys/x509_akid.asn1.o
  CC      crypto/asymmetric_keys/x509_cert_parser.o
  CC      drivers/gpu/drm/drm_lease.o
  CC      drivers/usb/core/phy.o
  CC      crypto/asymmetric_keys/x509_loader.o
  CC      drivers/usb/phy/phy-generic.o
  CC      fs/utimes.o
  CC      crypto/asymmetric_keys/x509_public_key.o
  AR      block/built-in.a
  CC      fs/d_path.o
  CC      drivers/usb/host/ehci-hcd.o
  CC      crypto/asymmetric_keys/pkcs7.asn1.o
  CC      crypto/asymmetric_keys/pkcs7_parser.o
  CC      drivers/gpu/drm/drm_writeback.o
  CC      drivers/usb/core/port.o
  CC      drivers/gpu/drm/drm_client.o
  CC      drivers/usb/phy/phy-mxs-usb.o
  CC      fs/stack.o
  CC      crypto/asymmetric_keys/pkcs7_trust.o
  CC      drivers/usb/core/of.o
  CC      drivers/gpu/drm/drm_client_modeset.o
  AR      drivers/usb/phy/built-in.a
  CC      drivers/gpu/drm/drm_atomic_uapi.o
  CC      crypto/asymmetric_keys/pkcs7_verify.o
  CC      fs/fs_struct.o
  AR      drivers/android/built-in.a
  CC      drivers/gpu/drm/drm_managed.o
  CC      io_uring/xattr.o
  AR      crypto/asymmetric_keys/built-in.a
  CC      crypto/hash_info.o
  CC      drivers/usb/core/hcd-pci.o
  CC      crypto/lzo.o
  CC      fs/statfs.o
  CC      fs/fs_pin.o
  CC      io_uring/nop.o
  CC      crypto/lzo-rle.o
  CC      fs/nsfs.o
  CC      drivers/gpu/drm/drm_vblank_work.o
  CC      drivers/usb/host/ehci-pci.o
  AR      drivers/usb/core/built-in.a
  AR      drivers/usb/misc/built-in.a
  CC [M]  drivers/usb/misc/usbtest.o
  CC      drivers/usb/storage/scsiglue.o
  CC      crypto/zstd.o
  CC      io_uring/fs.o
  CC      drivers/usb/storage/protocol.o
  CC      fs/fs_types.o
  AR      drivers/usb/host/built-in.a
  CC      drivers/gpu/drm/drm_panel.o
  CC      drivers/usb/storage/transport.o
  AR      crypto/built-in.a
  CC      drivers/usb/storage/usb.o
  CC      io_uring/splice.o
  CC      fs/fs_context.o
  CC      fs/fs_parser.o
  CC [M]  drivers/usb/misc/ehset.o
  CC      io_uring/sync.o
  CC      drivers/gpu/drm/drm_of.o
  CC      drivers/usb/chipidea/core.o
  CC      io_uring/advise.o
  CC      fs/fsopen.o
  CC      drivers/usb/storage/initializers.o
  CC      drivers/usb/gadget/usbstring.o
  CC      drivers/usb/gadget/config.o
  CC      io_uring/filetable.o
  CC      ipc/util.o
  CC      drivers/gpu/drm/drm_pci.o
  CC      fs/init.o
  CC      drivers/usb/storage/sierra_ms.o
  CC      drivers/usb/chipidea/otg.o
  CC      fs/kernel_read_file.o
  CC      drivers/usb/gadget/epautoconf.o
  CC      io_uring/openclose.o
  CC      drivers/gpu/drm/drm_debugfs.o
  CC      drivers/usb/gadget/composite.o
  CC      drivers/usb/storage/option_ms.o
  CC      drivers/usb/chipidea/debug.o
  CC      ipc/msgutil.o
  CC      fs/remap_range.o
  CC      ipc/msg.o
  CC      drivers/usb/chipidea/ulpi.o
  CC      drivers/usb/storage/usual-tables.o
  CC      drivers/gpu/drm/drm_debugfs_crc.o
  CC      io_uring/uring_cmd.o
  CC      drivers/gpu/drm/drm_nomodeset.o
  AR      drivers/usb/storage/built-in.a
  CC      fs/buffer.o
  CC      drivers/usb/chipidea/udc.o
  CC      drivers/usb/chipidea/trace.o
  CC      ipc/sem.o
  CC      drivers/usb/gadget/functions.o
  CC      ipc/shm.o
  CC      drivers/gpu/drm/drm_panel_orientation_quirks.o
  CC      ipc/syscall.o
  CC      io_uring/epoll.o
  CC      drivers/usb/gadget/configfs.o
  CC      drivers/gpu/drm/drm_gem_dma_helper.o
  CC      drivers/usb/chipidea/host.o
  CC      io_uring/statx.o
  CC      drivers/usb/gadget/u_f.o
  CC      drivers/gpu/drm/drm_fb_dma_helper.o
  CC      ipc/ipc_sysctl.o
  CC      drivers/usb/chipidea/ci_hdrc_usb2.o
  CC      io_uring/net.o
  CC      drivers/usb/gadget/udc/core.o
  AR      ipc/built-in.a
  CC      drivers/usb/gadget/function/f_acm.o
  CC      drivers/usb/gadget/function/u_serial.o
  CC      fs/direct-io.o
  CC      fs/mpage.o
  CC      drivers/gpu/drm/drm_bridge_connector.o
  CC      drivers/usb/chipidea/ci_hdrc_msm.o
  AR      drivers/usb/gadget/legacy/built-in.a
  CC [M]  drivers/usb/gadget/legacy/zero.o
  CC      drivers/usb/gadget/function/f_serial.o
  CC      drivers/usb/chipidea/ci_hdrc_pci.o
  CC      drivers/gpu/drm/drm_crtc_helper.o
  CC [M]  drivers/usb/gadget/legacy/audio.o
  CC      io_uring/msg_ring.o
  CC      drivers/usb/gadget/udc/trace.o
  CC      io_uring/timeout.o
  CC      fs/proc_namespace.o
  CC      drivers/usb/gadget/function/f_obex.o
  CC      drivers/usb/chipidea/ci_hdrc_imx.o
  CC [M]  drivers/usb/gadget/legacy/ether.o
  CC      fs/notify/fsnotify.o
  CC      drivers/usb/gadget/function/u_ether.o
  CC      drivers/usb/gadget/function/f_ncm.o
  CC      io_uring/sqpoll.o
  AR      drivers/usb/gadget/udc/built-in.a
  CC      fs/notify/notification.o
  CC      drivers/gpu/drm/drm_encoder_slave.o
  CC      drivers/usb/chipidea/usbmisc_imx.o
  CC [M]  drivers/usb/gadget/legacy/inode.o
  CC [M]  drivers/usb/gadget/legacy/g_ffs.o
  CC      fs/notify/group.o
  CC      io_uring/fdinfo.o
  CC      fs/eventpoll.o
  CC      drivers/gpu/drm/drm_flip_work.o
  CC      drivers/usb/gadget/function/f_ecm.o
  CC      drivers/usb/chipidea/ci_hdrc_tegra.o
  CC      fs/anon_inodes.o
  CC [M]  drivers/usb/gadget/legacy/mass_storage.o
  CC      fs/notify/mark.o
  CC      io_uring/tctx.o
  AR      drivers/usb/chipidea/built-in.a
  CC      io_uring/poll.o
  CC [M]  drivers/usb/gadget/legacy/serial.o
  CC      drivers/gpu/drm/drm_probe_helper.o
  CC      io_uring/cancel.o
  CC      drivers/usb/gadget/function/f_eem.o
  CC [M]  drivers/usb/gadget/legacy/ncm.o
  CC      fs/notify/fdinfo.o
  CC      fs/notify/dnotify/dnotify.o
  CC      io_uring/kbuf.o
  CC      fs/notify/inotify/inotify_fsnotify.o
  CC      drivers/usb/gadget/function/f_subset.o
  AR      fs/notify/fanotify/built-in.a
  CC      drivers/usb/gadget/function/f_rndis.o
  CC      drivers/usb/gadget/function/rndis.o
  CC      fs/notify/inotify/inotify_user.o
  LD [M]  drivers/usb/gadget/legacy/g_zero.o
  LD [M]  drivers/usb/gadget/legacy/g_audio.o
  LD [M]  drivers/usb/gadget/legacy/g_ether.o
  CC      drivers/gpu/drm/drm_plane_helper.o
  LD [M]  drivers/usb/gadget/legacy/gadgetfs.o
  LD [M]  drivers/usb/gadget/legacy/g_mass_storage.o
  LD [M]  drivers/usb/gadget/legacy/g_serial.o
  LD [M]  drivers/usb/gadget/legacy/g_ncm.o
  CC      drivers/usb/gadget/function/f_mass_storage.o
  AR      fs/notify/dnotify/built-in.a
  CC      drivers/usb/gadget/function/storage_common.o
  CC      io_uring/rsrc.o
  CC      drivers/ata/libata-core.o
  AR      fs/notify/inotify/built-in.a
  AR      fs/notify/built-in.a
  CC      fs/signalfd.o
  CC      drivers/gpu/drm/drm_atomic_helper.o
  CC      drivers/ata/libata-scsi.o
  CC      drivers/ata/libata-eh.o
  CC      io_uring/rw.o
  CC      fs/timerfd.o
  CC      fs/eventfd.o
  CC      drivers/usb/gadget/function/f_fs.o
  CC      drivers/gpu/drm/drm_kms_helper_common.o
  CC      io_uring/opdef.o
  CC      fs/aio.o
  CC      drivers/gpu/drm/drm_simple_kms_helper.o
  AR      drivers/auxdisplay/built-in.a
  CC      drivers/gpu/drm/drm_modeset_helper.o
  CC      drivers/usb/roles/class.o
  CC      io_uring/notif.o
  CC      drivers/usb/gadget/function/f_loopback.o
  CC      io_uring/io-wq.o
  CC      drivers/gpu/drm/drm_gem_atomic_helper.o
  AR      drivers/usb/roles/built-in.a
  CC      drivers/usb/gadget/function/f_sourcesink.o
  CC      drivers/usb/gadget/function/u_audio.o
  CC      drivers/usb/gadget/function/f_uac1.o
  CC      drivers/ata/libata-transport.o
  CC      drivers/ata/libata-trace.o
  CC      drivers/ata/libata-sata.o
  CC      fs/locks.o
  CC      drivers/gpu/drm/drm_gem_framebuffer_helper.o
  AR      io_uring/built-in.a
  CC      drivers/usb/gadget/function/f_uac2.o
  CC      fs/binfmt_script.o
  CC      drivers/usb/gadget/function/f_uvc.o
  CC      drivers/base/component.o
  CC      drivers/block/loop.o
  CC      drivers/block/brd.o
  CC      fs/binfmt_elf.o
  CC      drivers/ata/libata-sff.o
  CC      drivers/usb/gadget/function/uvc_queue.o
  CC      drivers/gpu/drm/drm_atomic_state_helper.o
  CC      drivers/base/core.o
  CC      drivers/base/bus.o
  CC      drivers/usb/gadget/function/uvc_v4l2.o
  CC      drivers/usb/gadget/function/uvc_video.o
  AR      drivers/block/built-in.a
  CC      drivers/usb/gadget/function/uvc_configfs.o
  CC      drivers/gpu/drm/drm_damage_helper.o
  CC      fs/mbcache.o
  CC      fs/posix_acl.o
  CC      fs/nfs_common/grace.o
  CC      fs/coredump.o
  CC      drivers/ata/libata-pmp.o
  CC      drivers/gpu/drm/drm_format_helper.o
  CC      drivers/usb/gadget/function/f_midi.o
  CC      fs/drop_caches.o
  CC      drivers/base/dd.o
  CC      fs/nfs_common/nfs_ssc.o
  CC      fs/nfs_common/nfsacl.o
  CC      drivers/gpu/drm/drm_self_refresh_helper.o
  CC      drivers/ata/libata-pata-timings.o
  CC      drivers/usb/gadget/function/f_hid.o
  CC      drivers/usb/gadget/function/f_printer.o
  CC      drivers/bus/simple-pm-bus.o
  CC      drivers/base/syscore.o
  CC      drivers/ata/ahci_platform.o
  CC      drivers/gpu/drm/drm_rect.o
  AR      drivers/bus/mhi/host/built-in.a
  AR      drivers/bus/mhi/ep/built-in.a
  AR      drivers/bus/mhi/built-in.a
  CC      drivers/bus/imx-weim.o
  CC      drivers/gpu/drm/bridge/panel.o
  AR      fs/nfs_common/built-in.a
  CC      fs/sysctls.o
  CC      fs/fhandle.o
  AR      drivers/usb/gadget/function/built-in.a
  AR      drivers/usb/gadget/built-in.a
  CC [M]  drivers/usb/class/cdc-acm.o
  CC      kernel/fork.o
  AR      drivers/bus/built-in.a
  CC      kernel/exec_domain.o
  CC      drivers/ata/libahci.o
  CC      kernel/panic.o
  CC      drivers/base/driver.o
  CC      drivers/gpu/drm/drm_fb_helper.o
  CC      fs/iomap/trace.o
  CC      drivers/base/class.o
  CC      lib/argv_split.o
  CC [M]  drivers/usb/serial/usb-serial.o
  CC      lib/bug.o
  CC      drivers/base/platform.o
  CC      fs/iomap/iter.o
  CC      lib/buildid.o
  CC      kernel/cpu.o
  CC      drivers/ata/libahci_platform.o
  CC      fs/iomap/buffered-io.o
  CC      drivers/gpu/drm/drm_mipi_dsi.o
  CC [M]  drivers/usb/serial/generic.o
  CC      lib/clz_tab.o
  CC      lib/cmdline.o
  CC      fs/iomap/direct-io.o
  CC      drivers/base/cpu.o
  CC      lib/cpumask.o
  AR      drivers/gpu/drm/arm/built-in.a
  CC      drivers/gpu/drm/display/drm_dp_aux_bus.o
  CC [M]  drivers/usb/serial/bus.o
  CC      lib/ctype.o
  CC      drivers/ata/ahci_imx.o
  CC      lib/dec_and_lock.o
  CC      drivers/base/firmware.o
  CC      lib/decompress.o
  CC      drivers/base/init.o
  CC      kernel/exit.o
  CC      lib/decompress_bunzip2.o
  CC [M]  drivers/usb/serial/ftdi_sio.o
  CC      drivers/gpu/drm/display/drm_display_helper_mod.o
  CC      drivers/base/map.o
  CC      drivers/base/devres.o
  CC      fs/iomap/fiemap.o
  CC      drivers/gpu/drm/display/drm_dp_dual_mode_helper.o
  CC      lib/decompress_inflate.o
  CC      drivers/ata/pata_imx.o
  CC      drivers/base/attribute_container.o
  CC      lib/decompress_unlz4.o
  CC [M]  drivers/usb/serial/option.o
  AR      drivers/ata/built-in.a
  CC      drivers/gpu/drm/display/drm_dp_helper.o
  CC      fs/iomap/seek.o
  CC      lib/decompress_unlzma.o
  CC      drivers/base/transport_class.o
  CC      net/devres.o
  CC      mm/filemap.o
  CC [M]  drivers/usb/serial/usb_wwan.o
  CC      kernel/softirq.o
  CC      drivers/base/topology.o
  CC      lib/decompress_unlzo.o
  CC      fs/iomap/swapfile.o
  CC      lib/decompress_unxz.o
  CC      drivers/base/container.o
  CC      net/socket.o
  LD [M]  drivers/usb/serial/usbserial.o
  AR      drivers/usb/built-in.a
  CC      drivers/base/property.o
  CC      lib/decompress_unzstd.o
  CC      drivers/gpu/drm/display/drm_dp_mst_topology.o
  CC      kernel/resource.o
  CC      lib/dump_stack.o
  AR      fs/iomap/built-in.a
  CC      fs/quota/dquot.o
  CC      fs/quota/quota.o
  CC      lib/earlycpio.o
  CC      drivers/base/cacheinfo.o
  CC      lib/extable.o
  CC      mm/mempool.o
  CC      mm/oom_kill.o
  CC      kernel/sysctl.o
  CC      lib/fdt.o
  CC      lib/fdt_addresses.o
  CC      lib/fdt_empty_tree.o
  CC      drivers/base/swnode.o
  CC      lib/fdt_ro.o
  CC      lib/fdt_rw.o
  CC      net/core/sock.o
  CC      fs/quota/kqid.o
  CC      lib/fdt_strerror.o
  CC      drivers/gpu/drm/display/drm_dsc_helper.o
  CC      lib/fdt_sw.o
  CC      lib/fdt_wip.o
  CC      lib/flex_proportions.o
  CC      drivers/gpu/drm/display/drm_hdmi_helper.o
  CC      drivers/base/devtmpfs.o
  CC      fs/quota/netlink.o
  CC      mm/fadvise.o
  CC      lib/idr.o
  CC      kernel/capability.o
  CC      kernel/ptrace.o
  CC      drivers/gpu/drm/display/drm_scdc_helper.o
  CC      drivers/base/power/sysfs.o
  CC      lib/irq_regs.o
  AR      fs/quota/built-in.a
  CC      lib/is_single_threaded.o
  CC      mm/maccess.o
  CC      fs/proc/task_mmu.o
  CC      lib/klist.o
  CC      kernel/user.o
  CC      drivers/base/power/generic_ops.o
  AR      drivers/gpu/drm/display/built-in.a
  CC      drivers/gpu/drm/scheduler/sched_main.o
  CC      drivers/base/power/common.o
  CC      lib/kobject.o
  CC      lib/kobject_uevent.o
  CC      kernel/signal.o
  CC      mm/page-writeback.o
  CC      fs/proc/inode.o
  CC      drivers/base/power/qos.o
  CC      drivers/gpu/drm/scheduler/sched_fence.o
  CC      net/core/request_sock.o
  CC      net/core/skbuff.o
  CC      fs/proc/root.o
  CC      drivers/gpu/drm/scheduler/sched_entity.o
  CC      lib/logic_pio.o
  CC      drivers/base/power/runtime.o
  CC      lib/maple_tree.o
  CC      fs/proc/base.o
  CC      mm/folio-compat.o
  AR      drivers/gpu/drm/scheduler/built-in.a
  AR      drivers/gpu/drm/rcar-du/built-in.a
  AR      drivers/gpu/drm/omapdrm/built-in.a
  AR      drivers/gpu/drm/tilcdc/built-in.a
  CC      drivers/gpu/drm/imx/imx-drm-core.o
  CC      kernel/sys.o
  CC      drivers/gpu/drm/msm/adreno/adreno_device.o
  CC      drivers/base/power/wakeirq.o
  CC      mm/readahead.o
  CC      drivers/gpu/drm/imx/ipuv3-crtc.o
  CC      fs/proc/generic.o
  CC      drivers/base/power/main.o
  CC      drivers/gpu/drm/msm/adreno/adreno_gpu.o
  CC      mm/swap.o
  CC      drivers/gpu/drm/imx/ipuv3-plane.o
  CC      fs/proc/array.o
  CC      kernel/umh.o
  CC      drivers/gpu/drm/msm/adreno/a2xx_gpu.o
  CC      drivers/base/power/wakeup.o
  CC      drivers/gpu/drm/imx/parallel-display.o
  CC      net/core/datagram.o
  CC      fs/proc/fd.o
  CC      kernel/workqueue.o
  CC      drivers/gpu/drm/msm/adreno/a3xx_gpu.o
  CC      lib/memcat_p.o
  CC      mm/truncate.o
  CC      drivers/gpu/drm/imx/imx-tve.o
  CC      fs/proc/proc_tty.o
  CC      lib/nmi_backtrace.o
  CC      drivers/base/power/wakeup_stats.o
  CC      drivers/gpu/drm/msm/adreno/a4xx_gpu.o
  CC      fs/proc/cmdline.o
  CC      lib/plist.o
  CC      drivers/gpu/drm/imx/imx-ldb.o
  CC      lib/radix-tree.o
  CC      net/core/stream.o
  CC      drivers/base/power/domain.o
  CC      fs/proc/consoles.o
  CC      mm/vmscan.o
  CC      fs/proc/cpuinfo.o
  CC      drivers/gpu/drm/msm/adreno/a5xx_gpu.o
  CC      drivers/gpu/drm/imx/dw_hdmi-imx.o
  CC      lib/ratelimit.o
  CC      fs/proc/devices.o
  CC      lib/rbtree.o
  CC      net/core/scm.o
  CC      kernel/pid.o
  CC      fs/proc/interrupts.o
  AR      drivers/gpu/drm/imx/built-in.a
  CC      net/ethernet/eth.o
  CC      lib/seq_buf.o
  CC      drivers/base/power/domain_governor.o
  CC      drivers/gpu/drm/msm/adreno/a5xx_power.o
  CC      fs/proc/loadavg.o
  CC      drivers/base/power/clock_ops.o
  CC      lib/show_mem.o
  CC      fs/proc/meminfo.o
  CC      net/core/gen_stats.o
  CC      drivers/gpu/drm/msm/adreno/a5xx_preempt.o
  CC      lib/siphash.o
  AR      drivers/base/power/built-in.a
  CC      drivers/base/firmware_loader/main.o
  CC      fs/proc/stat.o
  CC      kernel/task_work.o
  CC      mm/shmem.o
  AR      net/ethernet/built-in.a
  CC      lib/string.o
  CC      mm/util.o
  CC      fs/proc/uptime.o
  CC      drivers/gpu/drm/msm/adreno/a6xx_gpu.o
  CC      kernel/extable.o
  CC      lib/timerqueue.o
  CC      net/core/gen_estimator.o
  CC      fs/proc/util.o
  CC      drivers/base/firmware_loader/builtin/main.o
  CC      lib/vsprintf.o
  CC      fs/proc/version.o
  AR      drivers/base/firmware_loader/builtin/built-in.a
  AR      drivers/base/firmware_loader/built-in.a
  CC      drivers/base/module.o
  CC      kernel/params.o
  CC      fs/proc/softirqs.o
  CC      lib/win_minmax.o
  CC      drivers/base/regmap/regmap.o
  CC      drivers/gpu/drm/msm/adreno/a6xx_gmu.o
  CC      fs/proc/namespaces.o
  CC      net/core/net_namespace.o
  CC      mm/mmzone.o
  CC      kernel/kthread.o
  CC      fs/proc/self.o
  CC      kernel/sys_ni.o
  CC      mm/vmstat.o
  AR      net/802/built-in.a
  CC      mm/backing-dev.o
  CC      fs/proc/thread_self.o
  CC      drivers/gpu/drm/msm/adreno/a6xx_hfi.o
  CC      net/core/secure_seq.o
  CC      fs/proc/proc_sysctl.o
  CC      lib/xarray.o
  CC      kernel/nsproxy.o
  CC      fs/proc/proc_net.o
  CC      drivers/gpu/drm/msm/hdmi/hdmi.o
  CC      drivers/base/regmap/regcache.o
  CC      mm/mm_init.o
  CC      kernel/notifier.o
  CC      kernel/ksysfs.o
  CC      drivers/gpu/drm/msm/hdmi/hdmi_audio.o
  CC      net/core/flow_dissector.o
  CC      drivers/base/regmap/regcache-rbtree.o
  CC      lib/lockref.o
  CC      mm/percpu.o
  CC      fs/proc/kmsg.o
  CC      lib/bcd.o
  CC      mm/slab_common.o
  CC      lib/sort.o
  CC      kernel/cred.o
  CC      drivers/gpu/drm/msm/hdmi/hdmi_bridge.o
  CC      lib/parser.o
  CC      fs/proc/page.o
  CC      drivers/base/regmap/regcache-flat.o
  CC      lib/debug_locks.o
  CC      drivers/base/regmap/regmap-debugfs.o
  AR      fs/proc/built-in.a
  CC      lib/random32.o
  CC      fs/kernfs/mount.o
  CC      drivers/gpu/drm/msm/hdmi/hdmi_hpd.o
  CC      kernel/reboot.o
  CC      lib/bust_spinlocks.o
  CC      drivers/base/regmap/regmap-i2c.o
  CC      fs/kernfs/inode.o
  CC      fs/kernfs/dir.o
  CC      drivers/gpu/drm/msm/hdmi/hdmi_i2c.o
  CC      net/core/sysctl_net_core.o
  CC      mm/compaction.o
  CC      lib/kasprintf.o
  CC      kernel/async.o
  CC      drivers/base/regmap/regmap-spi.o
  CC      lib/bitmap.o
  CC      drivers/gpu/drm/msm/hdmi/hdmi_phy.o
  CC      drivers/base/soc.o
  CC      kernel/range.o
  CC      kernel/smpboot.o
  CC      fs/kernfs/file.o
  CC      fs/kernfs/symlink.o
  CC      drivers/base/regmap/regmap-mmio.o
  CC      drivers/gpu/drm/msm/hdmi/hdmi_phy_8960.o
  CC      net/core/dev.o
  CC      lib/scatterlist.o
  CC      kernel/ucount.o
  CC      net/core/dev_addr_lists.o
  CC      drivers/gpu/drm/msm/hdmi/hdmi_phy_8996.o
  CC      drivers/base/regmap/regmap-irq.o
  CC      kernel/regset.o
  CC      mm/interval_tree.o
  AR      fs/kernfs/built-in.a
  CC      fs/sysfs/file.o
  CC      kernel/kmod.o
  CC      lib/list_sort.o
  CC      lib/uuid.o
  CC      mm/list_lru.o
  CC      drivers/gpu/drm/msm/hdmi/hdmi_phy_8x60.o
  CC      lib/iov_iter.o
  AR      drivers/base/regmap/built-in.a
  CC      drivers/base/pinctrl.o
  CC      fs/sysfs/dir.o
  CC      fs/configfs/inode.o
  CC      kernel/groups.o
  CC      drivers/gpu/drm/msm/hdmi/hdmi_phy_8x74.o
  CC      drivers/base/devcoredump.o
  CC      fs/sysfs/symlink.o
  CC      fs/configfs/file.o
  CC      mm/workingset.o
  CC      fs/configfs/dir.o
  CC      drivers/gpu/drm/msm/hdmi/hdmi_pll_8960.o
  CC      drivers/base/platform-msi.o
  CC      kernel/sched/core.o
  CC      fs/sysfs/mount.o
  CC      mm/debug.o
  CC      drivers/base/arch_topology.o
  CC      fs/sysfs/group.o
  CC      drivers/gpu/drm/msm/disp/mdp4/mdp4_crtc.o
  CC      lib/clz_ctz.o
  CC      lib/bsearch.o
  CC      fs/configfs/symlink.o
  CC      mm/gup.o
  AR      fs/sysfs/built-in.a
  AR      drivers/base/test/built-in.a
  CC      net/sched/sch_generic.o
  CC      fs/configfs/mount.o
  CC      lib/find_bit.o
  CC      drivers/base/trace.o
  CC      drivers/gpu/drm/msm/disp/mdp4/mdp4_dsi_encoder.o
  CC      lib/llist.o
  CC      lib/memweight.o
  CC      fs/configfs/item.o
  CC      lib/kfifo.o
  AR      drivers/base/built-in.a
  CC      drivers/gpu/drm/msm/disp/mdp4/mdp4_dtv_encoder.o
  AR      drivers/cdrom/built-in.a
  CC      net/core/dst.o
  AR      fs/configfs/built-in.a
  CC      fs/devpts/inode.o
  CC      mm/mmap_lock.o
  CC      drivers/gpu/drm/msm/disp/mdp4/mdp4_lcdc_encoder.o
  CC      lib/percpu-refcount.o
  CC      drivers/gpu/drm/msm/disp/mdp4/mdp4_lvds_connector.o
  AR      fs/devpts/built-in.a
  CC      fs/ext4/balloc.o
  CC      net/sched/sch_mq.o
  CC      mm/highmem.o
  CC      net/core/netevent.o
  CC      lib/rhashtable.o
  CC      security/keys/gc.o
  CC      drivers/gpu/drm/msm/disp/mdp4/mdp4_lvds_pll.o
  CC      kernel/sched/fair.o
  CC      net/sched/sch_frag.o
  CC      security/keys/key.o
  CC      drivers/gpu/drm/msm/disp/mdp4/mdp4_irq.o
  CC      fs/ext4/bitmap.o
  CC      net/core/neighbour.o
  CC      mm/memory.o
  CC      lib/base64.o
  CC      lib/once.o
  CC      fs/ext4/block_validity.o
  CC      drivers/gpu/drm/msm/disp/mdp4/mdp4_kms.o
  CC      security/keys/keyring.o
  AR      net/sched/built-in.a
  CC      security/keys/keyctl.o
  CC      lib/refcount.o
  CC      lib/usercopy.o
  CC      fs/ext4/dir.o
  CC      drivers/gpu/drm/msm/disp/mdp4/mdp4_plane.o
  CC      lib/errseq.o
  CC      lib/bucket_locks.o
  CC      net/netlink/af_netlink.o
  CC      security/keys/permission.o
  CC      kernel/sched/build_policy.o
  CC      drivers/gpu/drm/msm/disp/mdp5/mdp5_cfg.o
  CC      fs/ext4/ext4_jbd2.o
  CC      lib/generic-radix-tree.o
  CC      security/keys/process_keys.o
  CC      mm/mincore.o
  CC      drivers/gpu/drm/msm/disp/mdp5/mdp5_cmd_encoder.o
  CC      lib/string_helpers.o
  CC      net/core/rtnetlink.o
  CC      fs/ext4/extents.o
  CC      mm/mlock.o
  CC      security/keys/request_key.o
  CC      drivers/gpu/drm/msm/disp/mdp5/mdp5_ctl.o
  CC      lib/hexdump.o
  CC      lib/kstrtox.o
  CC      net/netlink/genetlink.o
  CC      drivers/gpu/drm/msm/disp/mdp5/mdp5_crtc.o
  CC      security/keys/request_key_auth.o
  CC      lib/math/div64.o
  CC      mm/mmap.o
  CC      lib/math/gcd.o
  CC      lib/math/lcm.o
  CC      lib/math/int_pow.o
  CC      security/keys/user_defined.o
  CC      lib/math/int_sqrt.o
  CC      lib/math/reciprocal_div.o
  CC      lib/math/rational.o
  CC      drivers/gpu/drm/msm/disp/mdp5/mdp5_encoder.o
  CC      security/keys/proc.o
  CC      kernel/sched/build_utility.o
  CC      net/netlink/policy.o
  AR      lib/math/built-in.a
  CC      lib/crypto/memneq.o
  CC      fs/ext4/extents_status.o
  CC      security/keys/sysctl.o
  CC      net/core/utils.o
  CC      drivers/gpu/drm/msm/disp/mdp5/mdp5_irq.o
  CC      lib/crypto/utils.o
  CC      mm/mmu_gather.o
  AR      net/netlink/built-in.a
  CC      mm/mprotect.o
  CC      security/keys/keyctl_pkey.o
  CC      lib/crypto/chacha.o
  CC      lib/crypto/aes.o
  AR      security/keys/built-in.a
  CC      security/commoncap.o
  CC      net/bpf/test_run.o
  CC      drivers/gpu/drm/msm/disp/mdp5/mdp5_kms.o
  CC      mm/mremap.o
  CC      fs/ext4/file.o
  CC      net/core/link_watch.o
  CC      lib/crypto/arc4.o
  CC      security/min_addr.o
  AR      kernel/sched/built-in.a
  CC      drivers/gpu/drm/msm/disp/mdp5/mdp5_pipe.o
  CC      kernel/locking/mutex.o
  CC      lib/crypto/blake2s.o
  CC      mm/msync.o
  CC      fs/ext4/fsmap.o
  CC      security/inode.o
  CC      lib/crypto/blake2s-generic.o
  CC      net/core/filter.o
  CC      drivers/gpu/drm/msm/disp/mdp5/mdp5_mixer.o
  CC      mm/page_vma_mapped.o
  AR      net/bpf/built-in.a
  CC      security/device_cgroup.o
  CC      net/ethtool/ioctl.o
  CC      fs/ext4/fsync.o
  CC      mm/pagewalk.o
  CC      drivers/gpu/drm/msm/disp/mdp5/mdp5_plane.o
  CC      lib/crypto/des.o
  CC      kernel/locking/semaphore.o
  CC      mm/pgtable-generic.o
  CC      fs/ext4/hash.o
  AR      security/built-in.a
  CC      fs/ext4/ialloc.o
  CC      lib/crypto/sha1.o
  CC      kernel/locking/rwsem.o
  CC      mm/rmap.o
  CC      drivers/gpu/drm/msm/disp/mdp5/mdp5_smp.o
  CC      lib/crypto/sha256.o
  CC      kernel/locking/percpu-rwsem.o
  AR      lib/crypto/built-in.a
  CC      lib/pci_iomap.o
  CC      drivers/gpu/drm/msm/disp/dpu1/dpu_core_perf.o
  CC      fs/ext4/indirect.o
  CC      kernel/locking/spinlock.o
  CC      drivers/gpu/drm/msm/disp/dpu1/dpu_crtc.o
  CC      net/ethtool/common.o
  CC      kernel/locking/osq_lock.o
  CC      lib/iomap_copy.o
  CC      mm/vmalloc.o
  CC      lib/devres.o
  CC      kernel/locking/rtmutex_api.o
  CC      mm/process_vm_access.o
  CC      fs/ext4/inline.o
  CC      net/ethtool/netlink.o
  CC      fs/ext4/inode.o
  CC      drivers/gpu/drm/msm/disp/dpu1/dpu_encoder.o
  CC      lib/hweight.o
  CC      lib/assoc_array.o
  CC      kernel/locking/mutex-debug.o
  CC      mm/page_alloc.o
  CC      lib/bitrev.o
  CC      net/ethtool/bitset.o
  CC      net/ethtool/strset.o
  CC      kernel/locking/lockdep.o
  CC      net/core/sock_diag.o
  CC      lib/linear_ranges.o
  CC      drivers/gpu/drm/msm/disp/dpu1/dpu_encoder_phys_cmd.o
  CC      lib/crc-ccitt.o
  CC      net/core/dev_ioctl.o
  CC      net/ethtool/linkinfo.o
  CC      lib/crc16.o
  CC      fs/ext2/balloc.o
  CC      drivers/gpu/drm/msm/disp/dpu1/dpu_encoder_phys_vid.o
  CC      net/ethtool/linkmodes.o
  CC      lib/crc-t10dif.o
  CC      net/core/tso.o
  CC      fs/ext4/ioctl.o
  CC      fs/ext2/dir.o
  CC      lib/crc32.o
  CC      net/ethtool/linkstate.o
  CC      kernel/locking/lockdep_proc.o
  CC      drivers/gpu/drm/msm/disp/dpu1/dpu_encoder_phys_wb.o
  CC      lib/xxhash.o
  CC      mm/init-mm.o
  CC      fs/ext2/file.o
  CC      kernel/locking/spinlock_debug.o
  CC      net/ethtool/debug.o
  CC      net/core/sock_reuseport.o
  CC      mm/memblock.o
  CC      drivers/gpu/drm/msm/disp/dpu1/dpu_formats.o
  CC      lib/genalloc.o
  CC      fs/ext4/mballoc.o
  CC      fs/ext2/ialloc.o
  AR      kernel/locking/built-in.a
  CC      kernel/power/qos.o
  CC      net/ethtool/wol.o
  CC      fs/ext2/inode.o
  CC      drivers/gpu/drm/msm/disp/dpu1/dpu_hw_catalog.o
  CC      lib/zlib_inflate/inffast.o
  CC      lib/zlib_inflate/inflate.o
  CC      mm/madvise.o
  CC      kernel/power/main.o
  CC      net/ethtool/features.o
  CC      net/core/fib_notifier.o
  CC      lib/zlib_inflate/infutil.o
  CC      drivers/gpu/drm/msm/disp/dpu1/dpu_hw_ctl.o
  CC      lib/zlib_inflate/inftrees.o
  CC      fs/ext2/ioctl.o
  CC      lib/zlib_inflate/inflate_syms.o
  CC      net/ethtool/privflags.o
  CC      mm/page_io.o
  CC      kernel/power/console.o
  CC      fs/ext2/namei.o
  AR      lib/zlib_inflate/built-in.a
  CC      lib/zlib_deflate/deflate.o
  CC      net/core/xdp.o
  CC      drivers/gpu/drm/msm/disp/dpu1/dpu_hw_dsc.o
  CC      net/ethtool/rings.o
  CC      fs/ext2/super.o
  CC      kernel/power/process.o
  CC      lib/zlib_deflate/deftree.o
  CC      mm/swap_state.o
  CC      drivers/gpu/drm/msm/disp/dpu1/dpu_hw_interrupts.o
  CC      fs/ext4/migrate.o
  CC      lib/zlib_deflate/deflate_syms.o
  CC      net/ethtool/channels.o
  CC      kernel/power/suspend.o
  CC      fs/ext2/symlink.o
  CC      mm/swapfile.o
  AR      lib/zlib_deflate/built-in.a
  CC      lib/lzo/lzo1x_compress.o
  CC      net/core/flow_offload.o
  CC      drivers/gpu/drm/msm/disp/dpu1/dpu_hw_intf.o
  CC      fs/ext4/mmp.o
  CC      fs/ext2/xattr.o
  CC      net/ethtool/coalesce.o
  CC      lib/lzo/lzo1x_decompress_safe.o
  CC      drivers/gpu/drm/msm/disp/dpu1/dpu_hw_lm.o
  CC      kernel/power/poweroff.o
  CC      fs/ext4/move_extent.o
  CC      kernel/power/suspend_test.o
  CC      fs/ext2/xattr_user.o
  AR      lib/lzo/built-in.a
  CC      lib/lz4/lz4_decompress.o
  CC      net/ethtool/pause.o
  CC      net/core/gro.o
  CC      drivers/gpu/drm/msm/disp/dpu1/dpu_hw_pingpong.o
  CC      fs/ext2/xattr_trusted.o
  AR      kernel/power/built-in.a
  CC      kernel/printk/printk.o
  CC      fs/ext4/namei.o
  CC      fs/ext2/acl.o
  CC      net/ethtool/eee.o
  CC      mm/swap_slots.o
  CC      drivers/gpu/drm/msm/disp/dpu1/dpu_hw_sspp.o
  AR      lib/lz4/built-in.a
  CC      lib/zstd/zstd_compress_module.o
  CC      fs/ext2/xattr_security.o
  CC      mm/dmapool.o
  CC      net/ethtool/tsinfo.o
  CC      lib/zstd/compress/fse_compress.o
  CC      net/core/net-sysfs.o
  AR      fs/ext2/built-in.a
  CC      lib/zstd/compress/hist.o
  CC      kernel/printk/printk_safe.o
  CC      drivers/gpu/drm/msm/disp/dpu1/dpu_hw_dspp.o
  CC      lib/zstd/compress/huf_compress.o
  CC      mm/slub.o
  CC      fs/jbd2/transaction.o
  CC      net/ethtool/cabletest.o
  CC      lib/zstd/compress/zstd_compress.o
  CC      kernel/printk/printk_ringbuffer.o
  CC      drivers/gpu/drm/msm/disp/dpu1/dpu_hw_merge3d.o
  CC      fs/ext4/page-io.o
  CC      kernel/printk/sysctl.o
  AR      kernel/printk/built-in.a
  CC      kernel/irq/irqdesc.o
  CC      drivers/gpu/drm/msm/disp/dpu1/dpu_hw_top.o
  CC      fs/ext4/readpage.o
  CC      net/core/page_pool.o
  CC      net/ethtool/tunnels.o
  CC      fs/jbd2/commit.o
  CC      drivers/gpu/drm/msm/disp/dpu1/dpu_hw_util.o
  CC      lib/zstd/compress/zstd_compress_literals.o
  CC      mm/migrate.o
  CC      kernel/irq/handle.o
  CC      fs/ext4/resize.o
  CC      lib/zstd/compress/zstd_compress_sequences.o
  CC      lib/zstd/compress/zstd_compress_superblock.o
  CC      net/core/net-procfs.o
  CC      net/ethtool/fec.o
  CC      kernel/irq/manage.o
  CC      lib/zstd/compress/zstd_double_fast.o
  CC      drivers/gpu/drm/msm/disp/dpu1/dpu_hw_vbif.o
  CC      fs/jbd2/recovery.o
  CC      net/core/selftests.o
  CC      net/ethtool/eeprom.o
  CC      drivers/gpu/drm/msm/disp/dpu1/dpu_hw_wb.o
  CC      mm/page_isolation.o
  CC      fs/ext4/super.o
  CC      fs/jbd2/checkpoint.o
  CC      kernel/irq/spurious.o
  CC      drivers/gpu/drm/msm/disp/dpu1/dpu_kms.o
  CC      net/ethtool/stats.o
  CC      mm/early_ioremap.o
  CC      kernel/irq/resend.o
  CC      fs/jbd2/revoke.o
  CC      kernel/irq/chip.o
  CC      net/core/ptp_classifier.o
  CC      mm/cma.o
  CC      net/ethtool/phc_vclocks.o
  CC      fs/jbd2/journal.o
  CC      lib/zstd/compress/zstd_fast.o
  CC      kernel/irq/dummychip.o
  CC      net/ethtool/module.o
  CC      mm/memfd.o
  CC      net/core/dst_cache.o
  CC      kernel/irq/devres.o
  AR      mm/built-in.a
  CC      drivers/gpu/drm/msm/disp/dpu1/dpu_plane.o
  CC      net/ethtool/pse-pd.o
  CC      kernel/irq/generic-chip.o
  CC      net/core/gro_cells.o
  CC      lib/zstd/compress/zstd_lazy.o
  CC      fs/ramfs/inode.o
  AR      net/ethtool/built-in.a
  CC      fs/ramfs/file-mmu.o
  CC      kernel/irq/autoprobe.o
  AR      fs/jbd2/built-in.a
  CC      net/core/skmsg.o
  CC      drivers/gpu/drm/msm/disp/dpu1/dpu_rm.o
  CC      net/core/sock_map.o
  AR      fs/ramfs/built-in.a
  CC      fs/fat/cache.o
  CC      net/core/bpf_sk_storage.o
  CC      kernel/irq/irqdomain.o
  CC      fs/fat/dir.o
  CC      drivers/gpu/drm/msm/disp/dpu1/dpu_vbif.o
  CC      kernel/irq/proc.o
  CC      drivers/gpu/drm/msm/disp/dpu1/dpu_writeback.o
  CC      lib/xz/xz_dec_syms.o
  CC      lib/xz/xz_dec_stream.o
  CC      kernel/irq/cpuhotplug.o
  CC      fs/fat/fatent.o
  CC      fs/ext4/symlink.o
  CC      net/core/of_net.o
  CC      drivers/gpu/drm/msm/msm_mdss.o
  CC      net/core/net-traces.o
  CC      lib/xz/xz_dec_lzma2.o
  CC      kernel/irq/pm.o
  CC      fs/ext4/sysfs.o
  CC      lib/xz/xz_dec_bcj.o
  CC      kernel/irq/msi.o
  CC      drivers/gpu/drm/msm/disp/mdp_format.o
  CC      fs/fat/file.o
  CC      drivers/gpu/drm/msm/disp/mdp_kms.o
  AR      lib/xz/built-in.a
  CC      drivers/gpu/drm/msm/disp/msm_disp_snapshot.o
  CC      lib/zstd/compress/zstd_ldm.o
  CC      fs/ext4/xattr.o
  CC      lib/percpu_counter.o
  CC      lib/zstd/compress/zstd_opt.o
  CC      lib/zstd/zstd_decompress_module.o
  CC      kernel/irq/ipi.o
  CC      drivers/gpu/drm/msm/disp/msm_disp_snapshot_util.o
  CC      drivers/gpu/drm/msm/msm_atomic.o
  CC      fs/fat/inode.o
  CC      fs/fat/misc.o
  CC      kernel/irq/affinity.o
  CC      lib/zstd/decompress/huf_decompress.o
  CC      fs/fat/nfs.o
  AR      kernel/irq/built-in.a
  CC      kernel/rcu/update.o
  CC      fs/ext4/xattr_hurd.o
  CC      drivers/gpu/drm/msm/msm_atomic_tracepoints.o
  CC      fs/ext4/xattr_trusted.o
  CC      fs/ext4/xattr_user.o
  AR      net/core/built-in.a
  CC      net/netfilter/core.o
  CC      fs/fat/namei_vfat.o
  CC      fs/ext4/fast_commit.o
  CC      lib/zstd/decompress/zstd_ddict.o
  CC      drivers/gpu/drm/msm/msm_debugfs.o
  CC      lib/zstd/decompress/zstd_decompress.o
  CC      kernel/rcu/sync.o
  CC      lib/syscall.o
  CC      net/netfilter/nf_log.o
  CC      net/netfilter/nf_queue.o
  CC [M]  fs/fat/namei_msdos.o
  CC      drivers/gpu/drm/msm/msm_drv.o
  CC      lib/zstd/decompress/zstd_decompress_block.o
  CC      kernel/rcu/srcutree.o
  CC      fs/ext4/orphan.o
  AR      fs/fat/built-in.a
  LD [M]  fs/fat/msdos.o
  CC      kernel/rcu/tree.o
  CC      lib/zstd/common/debug.o
  CC      lib/zstd/common/entropy_common.o
  CC      drivers/gpu/drm/msm/msm_fb.o
  CC      drivers/gpu/drm/msm/msm_fence.o
  AR      drivers/gpu/drm/i2c/built-in.a
  CC      drivers/gpu/drm/msm/msm_gem.o
  CC      net/netfilter/nf_sockopt.o
  CC      lib/zstd/common/error_private.o
  CC      lib/zstd/common/fse_decompress.o
  CC      fs/ext4/acl.o
  CC      drivers/gpu/drm/panel/panel-lvds.o
  CC      drivers/gpu/drm/panel/panel-simple.o
  CC      lib/zstd/common/zstd_common.o
  CC      net/ipv4/route.o
  CC      fs/ext4/xattr_security.o
  CC      drivers/gpu/drm/msm/msm_gem_prime.o
  AR      lib/zstd/built-in.a
  CC      lib/errname.o
  CC      net/netfilter/utils.o
  CC      lib/nlattr.o
  CC      drivers/gpu/drm/panel/panel-edp.o
  CC      fs/nfs/client.o
  AR      fs/ext4/built-in.a
  CC      drivers/gpu/drm/panel/panel-seiko-43wvf1g.o
  CC      drivers/gpu/drm/msm/msm_gem_shrinker.o
  CC      fs/exportfs/expfs.o
  AR      drivers/gpu/drm/panel/built-in.a
  CC      kernel/rcu/rcu_segcblist.o
  CC      lib/cpu_rmap.o
  CC      drivers/gpu/drm/msm/msm_gem_submit.o
  AR      net/netfilter/built-in.a
  AR      drivers/gpu/drm/bridge/analogix/built-in.a
  AR      drivers/gpu/drm/bridge/cadence/built-in.a
  AR      drivers/gpu/drm/bridge/imx/built-in.a
  CC      drivers/gpu/drm/bridge/synopsys/dw-hdmi.o
  CC      drivers/gpu/drm/bridge/synopsys/dw-hdmi-cec.o
  AR      fs/exportfs/built-in.a
  CC      fs/nfs/dir.o
  CC      lib/dynamic_queue_limits.o
  CC      lib/glob.o
  CC      net/ipv4/inetpeer.o
  CC      net/ipv4/protocol.o
  CC      fs/nfs/file.o
  CC      drivers/gpu/drm/msm/msm_gem_vma.o
  CC      lib/mpi/generic_mpih-lshift.o
  CC      lib/mpi/generic_mpih-mul1.o
  CC      drivers/gpu/drm/msm/msm_gpu.o
  CC [M]  drivers/gpu/drm/bridge/synopsys/dw-hdmi-ahb-audio.o
  CC      net/ipv4/ip_input.o
  CC      lib/mpi/generic_mpih-mul2.o
  CC      net/ipv4/ip_fragment.o
  CC      lib/mpi/generic_mpih-mul3.o
  AR      drivers/gpu/drm/bridge/synopsys/built-in.a
  CC      drivers/gpu/drm/bridge/ti-tfp410.o
  AR      kernel/rcu/built-in.a
  AR      kernel/livepatch/built-in.a
  CC      kernel/dma/mapping.o
  CC      kernel/dma/direct.o
  CC      drivers/gpu/drm/msm/msm_gpu_devfreq.o
  CC      lib/mpi/generic_mpih-rshift.o
  CC      fs/nfs/getroot.o
  AR      drivers/gpu/drm/bridge/built-in.a
  CC      drivers/gpu/drm/msm/msm_io_utils.o
  CC      lib/mpi/generic_mpih-sub1.o
  CC      lib/mpi/generic_mpih-add1.o
  CC      net/ipv4/ip_forward.o
  CC      net/ipv4/ip_options.o
  CC      lib/mpi/ec.o
  AR      kernel/entry/built-in.a
  CC      lib/mpi/mpicoder.o
  CC      kernel/dma/ops_helpers.o
  CC      drivers/gpu/drm/msm/msm_iommu.o
  CC      lib/strncpy_from_user.o
  CC      fs/nfs/inode.o
  CC      kernel/dma/dummy.o
  CC      net/ipv4/ip_output.o
  CC      lib/mpi/mpi-add.o
  CC      drivers/gpu/drm/msm/msm_perf.o
  CC      drivers/gpu/drm/msm/msm_rd.o
  CC      drivers/gpu/drm/msm/msm_ringbuffer.o
  CC      kernel/dma/contiguous.o
  CC      kernel/dma/coherent.o
  CC      lib/mpi/mpi-bit.o
  CC      lib/mpi/mpi-cmp.o
  CC      drivers/gpu/drm/msm/msm_submitqueue.o
  CC      kernel/dma/remap.o
  CC      fs/nfs/super.o
  CC      drivers/gpu/drm/msm/msm_gpu_tracepoints.o
  AR      kernel/dma/built-in.a
  CC      kernel/module/main.o
  CC      kernel/module/strict_rwx.o
  CC      lib/mpi/mpi-sub-ui.o
  CC      lib/mpi/mpi-div.o
  CC      lib/mpi/mpi-inv.o
  CC      lib/mpi/mpi-mod.o
  CC      drivers/gpu/drm/msm/msm_gpummu.o
  CC      kernel/module/tree_lookup.o
  CC      fs/nfs/io.o
  CC      net/ipv4/ip_sockglue.o
  CC      fs/nfs/direct.o
  CC      lib/mpi/mpi-mul.o
  CC      lib/mpi/mpih-cmp.o
  CC      kernel/kcmp.o
  CC      drivers/gpu/drm/msm/adreno/a5xx_debugfs.o
  CC      drivers/gpu/drm/msm/dp/dp_debug.o
  CC      drivers/gpu/drm/msm/adreno/a6xx_gpu_state.o
  CC      lib/mpi/mpih-div.o
  CC      kernel/module/kallsyms.o
  CC      kernel/module/procfs.o
  CC      lib/strnlen_user.o
  CC      lib/net_utils.o
  CC      lib/mpi/mpih-mul.o
  CC      fs/nfs/pagelist.o
  CC      kernel/module/sysfs.o
  CC      net/ipv4/inet_hashtables.o
  CC      kernel/module/version.o
  CC      sound/sound_core.o
  CC      drivers/gpu/drm/msm/dp/dp_aux.o
  CC      lib/mpi/mpi-pow.o
  CC      drivers/gpu/drm/msm/dp/dp_catalog.o
  CC      net/ipv4/inet_timewait_sock.o
  CC      sound/core/sound.o
  AR      kernel/module/built-in.a
  CC      kernel/freezer.o
  CC      kernel/stacktrace.o
  CC      lib/mpi/mpiutil.o
  CC      drivers/gpu/drm/msm/dp/dp_ctrl.o
  CC      sound/core/init.o
  CC      fs/nfs/read.o
  CC      fs/nfs/symlink.o
  CC      kernel/time/time.o
  CC      kernel/time/timer.o
  AR      lib/mpi/built-in.a
  CC      lib/sg_pool.o
  CC      net/ipv4/inet_connection_sock.o
  CC      sound/core/memory.o
  CC      sound/core/control.o
  CC      lib/stackdepot.o
  CC      kernel/time/hrtimer.o
  CC      fs/nfs/unlink.o
  CC      net/ipv4/tcp.o
  CC      lib/asn1_decoder.o
  CC      sound/core/misc.o
  CC      drivers/gpu/drm/msm/dp/dp_display.o
  CC      lib/fonts/fonts.o
  CC      drivers/gpu/drm/msm/dp/dp_drm.o
  CC      fs/nfs/write.o
  CC      fs/nfs/namespace.o
  CC      lib/fonts/font_8x8.o
  CC      lib/fonts/font_8x16.o
  CC      sound/core/device.o
  CC      kernel/time/timekeeping.o
  CC      fs/nfs/mount_clnt.o
  CC      drivers/gpu/drm/msm/dp/dp_hpd.o
  AR      lib/fonts/built-in.a
  CC      lib/oid_registry.o
  CC      sound/core/info.o
  CC      drivers/gpu/drm/msm/dp/dp_link.o
  CC      lib/sbitmap.o
  CC      lib/group_cpus.o
  CC      kernel/time/ntp.o
  CC      sound/core/vmaster.o
  CC      drivers/gpu/drm/msm/dp/dp_panel.o
  CC      kernel/time/clocksource.o
  CC      fs/nfs/nfstrace.o
  CC      lib/devmem_is_allowed.o
  CC      sound/core/ctljack.o
  CC      net/ipv4/tcp_input.o
  CC      net/ipv4/tcp_output.o
  CC      lib/atomic64.o
  CC      fs/nfs/export.o
  CC      sound/core/jack.o
  CC      kernel/time/jiffies.o
  CC      drivers/gpu/drm/msm/dp/dp_parser.o
  CC      lib/stmp_device.o
  CC      kernel/time/timer_list.o
  CC [M]  lib/crc-itu-t.o
  CC      sound/core/timer.o
  CC      drivers/gpu/drm/msm/dp/dp_power.o
  CC      kernel/time/timeconv.o
  CC [M]  lib/crc7.o
  CC      sound/core/pcm.o
  CC [M]  lib/libcrc32c.o
  CC      kernel/time/timecounter.o
  CC      drivers/gpu/drm/msm/dp/dp_audio.o
  CC      kernel/time/alarmtimer.o
  AR      lib/lib.a
  AR      lib/built-in.a
  CC      sound/core/pcm_native.o
  CC      kernel/futex/core.o
  CC      drivers/gpu/drm/etnaviv/etnaviv_buffer.o
  CC      drivers/gpu/drm/msm/msm_fbdev.o
  CC      kernel/futex/syscalls.o
  CC      fs/nfs/sysfs.o
  CC      kernel/time/posix-timers.o
  CC      fs/nfs/fs_context.o
  CC      drivers/gpu/drm/msm/hdmi/hdmi_hdcp.o
  CC      drivers/gpu/drm/etnaviv/etnaviv_cmd_parser.o
  CC      kernel/futex/pi.o
  CC      kernel/futex/requeue.o
  CC      drivers/gpu/drm/etnaviv/etnaviv_cmdbuf.o
  CC      kernel/time/posix-cpu-timers.o
  CC      net/ipv4/tcp_timer.o
  CC      drivers/gpu/drm/etnaviv/etnaviv_drv.o
  CC      drivers/gpu/drm/msm/dsi/dsi.o
  CC      sound/core/pcm_lib.o
  CC      kernel/futex/waitwake.o
  CC      kernel/smp.o
  CC      fs/nfs/nfsroot.o
  AR      kernel/futex/built-in.a
  CC      fs/nfs/sysctl.o
  CC      drivers/gpu/drm/msm/dsi/dsi_cfg.o
  CC      drivers/gpu/drm/etnaviv/etnaviv_dump.o
  CC      kernel/time/posix-clock.o
  CC      net/ipv4/tcp_ipv4.o
  CC      drivers/gpu/drm/msm/dsi/dsi_host.o
  CC      drivers/gpu/drm/etnaviv/etnaviv_gem_prime.o
  CC      kernel/time/itimer.o
  CC      fs/nfs/nfs2super.o
  CC      kernel/time/clockevents.o
  CC      sound/core/pcm_misc.o
  CC      net/ipv4/tcp_minisocks.o
  CC      drivers/gpu/drm/etnaviv/etnaviv_gem_submit.o
  CC      sound/core/pcm_memory.o
  CC      kernel/time/tick-common.o
  CC      fs/nfs/proc.o
  CC      fs/nfs/nfs2xdr.o
  CC      drivers/gpu/drm/msm/dsi/dsi_manager.o
  CC      sound/core/memalloc.o
  CC      drivers/gpu/drm/etnaviv/etnaviv_gem.o
  CC      kernel/time/tick-broadcast.o
  CC      fs/nfs/nfs3super.o
  CC      fs/nfs/nfs3client.o
  CC      drivers/gpu/drm/msm/dsi/phy/dsi_phy.o
  CC      drivers/gpu/drm/msm/dsi/phy/dsi_phy_28nm.o
  CC      sound/core/pcm_timer.o
  CC      drivers/gpu/drm/etnaviv/etnaviv_gpu.o
  CC      net/ipv4/tcp_cong.o
  CC      kernel/time/tick-broadcast-hrtimer.o
  CC      drivers/gpu/drm/etnaviv/etnaviv_hwdb.o
  CC      drivers/gpu/drm/etnaviv/etnaviv_iommu_v2.o
  CC      sound/core/pcm_drm_eld.o
  CC      kernel/time/sched_clock.o
  CC      fs/nfs/nfs3proc.o
  CC      drivers/gpu/drm/msm/dsi/phy/dsi_phy_20nm.o
  CC      drivers/gpu/drm/msm/dsi/phy/dsi_phy_28nm_8960.o
  CC      kernel/time/tick-oneshot.o
  CC      sound/core/pcm_iec958.o
  CC      drivers/gpu/drm/etnaviv/etnaviv_iommu.o
  CC      fs/nfs/nfs3xdr.o
  CC      kernel/time/tick-sched.o
  CC      net/ipv4/tcp_metrics.o
  CC      drivers/gpu/drm/msm/dsi/phy/dsi_phy_14nm.o
  CC      net/ipv4/tcp_fastopen.o
  CC      fs/nfs/nfs4proc.o
  CC      sound/core/pcm_dmaengine.o
  CC      drivers/gpu/drm/etnaviv/etnaviv_mmu.o
  CC      kernel/time/vsyscall.o
  CC      drivers/gpu/drm/msm/dsi/phy/dsi_phy_10nm.o
  CC      net/ipv4/tcp_rate.o
  CC      sound/core/rawmidi.o
  CC      drivers/gpu/drm/etnaviv/etnaviv_perfmon.o
  CC      fs/nfs/nfs4xdr.o
  CC      kernel/time/timekeeping_debug.o
  AS      usr/initramfs_data.o
  AR      usr/built-in.a
  CC      net/unix/af_unix.o
  CC      drivers/gpu/drm/etnaviv/etnaviv_sched.o
  CC      drivers/gpu/drm/msm/dsi/phy/dsi_phy_7nm.o
  AR      kernel/time/built-in.a
  CC      kernel/uid16.o
  CC [M]  sound/core/hwdep.o
  AR      drivers/gpu/drm/etnaviv/built-in.a
  CC      net/ipv4/tcp_recovery.o
  AR      virt/lib/built-in.a
  AR      virt/built-in.a
  CC      drivers/char/mem.o
  CC      kernel/kallsyms.o
  AR      drivers/gpu/drm/msm/built-in.a
  AR      drivers/gpu/drm/hisilicon/built-in.a
  CC      drivers/gpu/drm/mxsfb/mxsfb_drv.o
  AR      sound/core/built-in.a
  LD [M]  sound/core/snd-hwdep.o
  AR      sound/i2c/other/built-in.a
  AR      sound/i2c/built-in.a
  CC      drivers/char/random.o
  AR      sound/drivers/opl3/built-in.a
  AR      sound/drivers/opl4/built-in.a
  AR      sound/drivers/mpu401/built-in.a
  AR      sound/drivers/vx/built-in.a
  AR      sound/drivers/pcsp/built-in.a
  AR      sound/drivers/built-in.a
  AR      sound/isa/ad1816a/built-in.a
  AR      sound/isa/ad1848/built-in.a
  AR      sound/isa/cs423x/built-in.a
  AR      sound/isa/es1688/built-in.a
  AR      sound/isa/galaxy/built-in.a
  AR      sound/isa/gus/built-in.a
  AR      sound/isa/msnd/built-in.a
  AR      sound/isa/opti9xx/built-in.a
  AR      sound/isa/sb/built-in.a
  AR      sound/isa/wavefront/built-in.a
  CC      net/ipv4/tcp_ulp.o
  AR      sound/isa/wss/built-in.a
  AR      sound/isa/built-in.a
  CC      sound/pci/ac97/ac97_codec.o
  CC      drivers/gpu/drm/mxsfb/mxsfb_kms.o
  CC      kernel/crash_core.o
  AR      drivers/gpu/drm/mxsfb/built-in.a
  AR      drivers/gpu/drm/tiny/built-in.a
  AR      drivers/gpu/drm/xlnx/built-in.a
  AR      drivers/gpu/drm/gud/built-in.a
  AR      drivers/gpu/drm/solomon/built-in.a
  AR      drivers/gpu/drm/built-in.a
  AR      drivers/gpu/built-in.a
  CC      drivers/char/misc.o
  CC      net/unix/garbage.o
  CC      kernel/kexec_core.o
  CC      kernel/kexec.o
  CC      net/ipv4/tcp_offload.o
  CC      net/ipv4/datagram.o
  CC      drivers/char/hw_random/core.o
  CC      fs/nfs/nfs4state.o
  AR      drivers/char/agp/built-in.a
  CC      net/ipv4/raw.o
  CC      net/unix/sysctl_net_unix.o
  CC      drivers/char/hw_random/mxc-rnga.o
  CC      kernel/cgroup/cgroup.o
  CC      net/unix/unix_bpf.o
  CC      drivers/char/hw_random/imx-rngc.o
  CC      sound/pci/ac97/ac97_pcm.o
  CC      fs/nfs/nfs4renewd.o
  CC      fs/nfs/nfs4super.o
  CC      drivers/char/hw_random/optee-rng.o
  CC      net/unix/scm.o
  CC      drivers/char/hw_random/arm_smccc_trng.o
  CC      net/ipv4/udp.o
  CC      sound/pci/ac97/ac97_proc.o
  UPD     kernel/config_data
  CC      fs/nfs/nfs4file.o
  CC      kernel/stop_machine.o
  AR      drivers/char/hw_random/built-in.a
  AR      drivers/char/built-in.a
  AR      drivers/char/ipmi/built-in.a
  CC      drivers/clk/clk-devres.o
  CC      kernel/kprobes.o
  AR      sound/pci/ac97/built-in.a
  AR      sound/pci/ali5451/built-in.a
  AR      sound/pci/asihpi/built-in.a
  AR      sound/pci/au88x0/built-in.a
  AR      sound/pci/aw2/built-in.a
  AR      sound/pci/ctxfi/built-in.a
  AR      sound/pci/ca0106/built-in.a
  AR      sound/pci/cs46xx/built-in.a
  AR      sound/pci/cs5535audio/built-in.a
  AR      sound/pci/lola/built-in.a
  AR      sound/pci/lx6464es/built-in.a
  AR      sound/pci/echoaudio/built-in.a
  AR      sound/pci/emu10k1/built-in.a
  AR      sound/pci/hda/built-in.a
  AR      sound/pci/ice1712/built-in.a
  AR      sound/pci/korg1212/built-in.a
  AR      sound/pci/mixart/built-in.a
  AR      sound/pci/nm256/built-in.a
  AR      sound/pci/oxygen/built-in.a
  AR      sound/pci/pcxhr/built-in.a
  AR      sound/pci/riptide/built-in.a
  AR      sound/pci/rme9652/built-in.a
  AR      net/unix/built-in.a
  AR      sound/pci/trident/built-in.a
  CC      drivers/clk/clk-bulk.o
  AR      sound/pci/ymfpci/built-in.a
  AR      sound/pci/vx222/built-in.a
  AR      sound/pci/built-in.a
  CC      fs/nfs/delegation.o
  AR      sound/ppc/built-in.a
  AR      sound/arm/built-in.a
  AR      sound/sh/built-in.a
  AR      sound/synth/built-in.a
  AR      sound/usb/misc/built-in.a
  AR      sound/usb/usx2y/built-in.a
  AR      sound/usb/caiaq/built-in.a
  AR      sound/usb/6fire/built-in.a
  AR      sound/usb/hiface/built-in.a
  CC      kernel/cgroup/rstat.o
  AR      sound/usb/bcd2000/built-in.a
  CC [M]  sound/usb/card.o
  CC [M]  sound/usb/clock.o
  CC      drivers/clk/clkdev.o
  CC      kernel/seccomp.o
  CC      kernel/utsname_sysctl.o
  CC [M]  sound/usb/endpoint.o
  CC      drivers/clk/clk.o
  CC      kernel/cgroup/namespace.o
  CC [M]  sound/usb/format.o
  CC      fs/lockd/clntlock.o
  CC      fs/nfs/nfs4idmap.o
  CC      kernel/cgroup/cgroup-v1.o
  CC      net/ipv4/udplite.o
  CC [M]  sound/usb/helper.o
  CC      net/ipv4/udp_offload.o
  CC      net/ipv4/arp.o
  CC [M]  sound/usb/implicit.o
  CC      fs/lockd/clntproc.o
  CC      fs/nfs/callback.o
  CC [M]  sound/usb/mixer.o
  CC      kernel/cgroup/freezer.o
  CC      drivers/clk/clk-divider.o
  CC [M]  sound/usb/mixer_quirks.o
  CC      net/ipv4/icmp.o
  AR      kernel/cgroup/built-in.a
  CC      kernel/trace/trace_clock.o
  CC      fs/nfs/callback_xdr.o
  CC      fs/lockd/clntxdr.o
  CC      fs/nfs/callback_proc.o
  CC      drivers/clk/clk-fixed-factor.o
  CC      kernel/trace/ring_buffer.o
  CC      kernel/trace/trace.o
  CC [M]  sound/usb/mixer_scarlett.o
  CC      drivers/clk/clk-fixed-rate.o
  CC      fs/lockd/host.o
  CC      drivers/clk/clk-gate.o
  CC [M]  sound/usb/mixer_scarlett2.o
  CC      fs/nfs/nfs4namespace.o
  CC      fs/nls/nls_base.o
  CC      net/ipv4/devinet.o
  CC      drivers/clk/clk-multiplier.o
  CC      fs/nls/nls_cp437.o
  CC      fs/lockd/svc.o
  CC      fs/nls/nls_iso8859-1.o
  CC      drivers/clk/clk-mux.o
  CC      fs/nfs/nfs4getroot.o
  CC      net/ipv4/af_inet.o
  CC [M]  sound/usb/mixer_us16x08.o
  CC      fs/nls/nls_ascii.o
  CC      fs/nls/nls_utf8.o
  CC      drivers/clk/clk-composite.o
  CC      fs/nfs/nfs4client.o
  CC [M]  sound/usb/mixer_s1810c.o
  CC [M]  fs/nls/nls_iso8859-15.o
  CC      fs/lockd/svclock.o
  CC      drivers/clk/clk-fractional-divider.o
  AR      fs/nls/built-in.a
  CC      net/ipv4/igmp.o
  CC [M]  sound/usb/pcm.o
  CC [M]  sound/usb/power.o
  CC      kernel/trace/trace_output.o
  CC      drivers/clk/clk-gpio.o
  CC      fs/lockd/svcshare.o
  CC      fs/nfs/nfs4session.o
  CC      drivers/clk/clk-conf.o
  CC      fs/nfs/dns_resolve.o
  AR      fs/unicode/built-in.a
  CC [M]  sound/usb/proc.o
  CC      fs/jffs2/compr.o
  CC      drivers/clk/clk-pwm.o
  CC      fs/lockd/svcproc.o
  CC      fs/jffs2/dir.o
  CC [M]  sound/usb/quirks.o
  CC [M]  sound/usb/stream.o
  AR      drivers/clk/actions/built-in.a
  AR      drivers/clk/analogbits/built-in.a
  AR      drivers/clk/bcm/built-in.a
  AR      drivers/clk/imgtec/built-in.a
  CC      kernel/trace/trace_seq.o
  CC      net/ipv4/fib_frontend.o
  CC      drivers/clk/imx/clk.o
  CC      fs/nfs/nfs4trace.o
  CC      fs/jffs2/file.o
  CC      fs/lockd/svcsubs.o
  CC      drivers/clk/imx/clk-busy.o
  CC      kernel/trace/trace_stat.o
  CC      fs/lockd/mon.o
  CC [M]  sound/usb/validate.o
  CC      drivers/clk/imx/clk-composite-7ulp.o
  CC      fs/jffs2/ioctl.o
  CC      kernel/trace/trace_printk.o
  CC [M]  sound/usb/media.o
  CC      drivers/clk/imx/clk-composite-8m.o
  CC      fs/jffs2/nodelist.o
  CC      fs/nfs/nfs4sysctl.o
  CC      fs/lockd/xdr.o
  CC [M]  sound/usb/midi.o
  CC      net/ipv4/fib_semantics.o
  CC      drivers/clk/imx/clk-composite-93.o
  CC      kernel/trace/pid_list.o
  CC      fs/jffs2/malloc.o
  CC      kernel/trace/trace_sched_switch.o
  CC      drivers/clk/imx/clk-fracn-gppll.o
  CC      fs/jffs2/read.o
  CC      fs/lockd/clnt4xdr.o
  CC      drivers/clk/imx/clk-cpu.o
  CC      kernel/trace/trace_preemptirq.o
  LD [M]  sound/usb/snd-usb-audio.o
  CC      fs/lockd/xdr4.o
  AR      sound/usb/built-in.a
  LD [M]  sound/usb/snd-usbmidi-lib.o
  AR      sound/firewire/built-in.a
  AR      sound/sparc/built-in.a
  AR      sound/spi/built-in.a
  AR      sound/parisc/built-in.a
  AR      sound/pcmcia/vx/built-in.a
  CC      fs/jffs2/nodemgmt.o
  AR      sound/pcmcia/pdaudiocf/built-in.a
  CC      drivers/clk/imx/clk-divider-gate.o
  AR      sound/pcmcia/built-in.a
  AR      sound/mips/built-in.a
  CC      sound/soc/soc-core.o
  CC      drivers/clk/imx/clk-fixup-div.o
  CC      net/ipv4/fib_trie.o
  CC      fs/jffs2/readinode.o
  CC      drivers/clk/imx/clk-fixup-mux.o
  CC      kernel/trace/trace_nop.o
  CC      kernel/trace/blktrace.o
  CC      fs/lockd/svc4proc.o
  CC      drivers/clk/imx/clk-frac-pll.o
  CC      fs/nfs/pnfs.o
  CC      kernel/irq_work.o
  CC      fs/jffs2/write.o
  CC      drivers/clk/imx/clk-gate2.o
  CC      fs/lockd/procfs.o
  CC      kernel/trace/trace_events.o
  CC      sound/soc/soc-dapm.o
  CC      drivers/clk/imx/clk-gate-93.o
  CC      fs/jffs2/scan.o
  CC      fs/jffs2/gc.o
  AR      fs/lockd/built-in.a
  CC      drivers/clk/imx/clk-gate-exclusive.o
  CC      sound/soc/soc-jack.o
  CC      net/ipv4/fib_notifier.o
  CC      drivers/clk/imx/clk-pfd.o
  CC      sound/soc/soc-utils.o
  CC      drivers/clk/imx/clk-pfdv2.o
  CC      fs/jffs2/symlink.o
  CC      net/ipv4/inet_fragment.o
  CC      net/ipv4/ping.o
  CC      fs/jffs2/build.o
  CC      fs/nfs/pnfs_dev.o
  CC      drivers/clk/imx/clk-pllv1.o
  CC      fs/nfs/pnfs_nfs.o
  CC      kernel/trace/trace_export.o
  CC      drivers/clk/imx/clk-pllv2.o
  CC      sound/soc/soc-dai.o
  CC      fs/jffs2/erase.o
  CC      drivers/clk/imx/clk-pllv3.o
  CC      kernel/trace/trace_event_perf.o
  CC      fs/jffs2/background.o
  CC      drivers/clk/imx/clk-pllv4.o
  CC      fs/nfs/nfs42proc.o
  CC      sound/soc/soc-component.o
  CC      net/ipv4/ip_tunnel_core.o
  CC      net/ipv4/gre_offload.o
  CC      fs/jffs2/fs.o
  CC      kernel/trace/trace_events_filter.o
  CC      kernel/trace/trace_events_trigger.o
  CC      drivers/clk/imx/clk-pll14xx.o
  CC      fs/jffs2/writev.o
  CC      drivers/clk/imx/clk-sscg-pll.o
  CC      fs/jffs2/super.o
  CC      sound/soc/soc-pcm.o
  CC      kernel/trace/error_report-traces.o
  CC      drivers/clk/imx/clk-imx8mm.o
  CC      net/ipv4/metrics.o
  CC      net/ipv4/netlink.o
  CC      fs/jffs2/debug.o
  CC      fs/nfs/nfs42xattr.o
  CC      fs/jffs2/wbuf.o
  CC      fs/jffs2/compr_rtime.o
  CC      drivers/clk/imx/clk-imx8mn.o
  CC      kernel/trace/power-traces.o
  CC      sound/soc/soc-devres.o
  CC      sound/soc/soc-ops.o
  CC      fs/nfs/filelayout/filelayout.o
  CC      fs/nfs/flexfilelayout/flexfilelayout.o
  CC      net/ipv4/nexthop.o
  CC      fs/jffs2/compr_zlib.o
  CC      drivers/clk/imx/clk-imx8mp.o
  CC      drivers/clk/imx/clk-imx8mq.o
  AR      fs/jffs2/built-in.a
  CC      sound/soc/soc-link.o
  CC      fs/ubifs/shrinker.o
  CC      kernel/trace/rpm-traces.o
  CC      fs/ubifs/journal.o
  CC      fs/nfs/filelayout/filelayoutdev.o
  CC      drivers/clk/imx/clk-imx31.o
  CC      sound/soc/soc-card.o
  CC      sound/soc/soc-generic-dmaengine-pcm.o
  CC      drivers/clk/imx/clk-imx35.o
  AR      kernel/trace/built-in.a
  CC      kernel/cpu_pm.o
  CC      fs/ubifs/file.o
  CC      fs/nfs/flexfilelayout/flexfilelayoutdev.o
  AR      fs/nfs/filelayout/built-in.a
  CC      sound/soc/generic/simple-card-utils.o
  CC      sound/soc/codecs/hdmi-codec.o
  CC      drivers/clk/imx/clk-imx5.o
  CC      kernel/bpf/core.o
  CC      net/ipv6/af_inet6.o
  CC      net/ipv4/udp_tunnel_stub.o
  CC      fs/ubifs/dir.o
  AR      fs/nfs/flexfilelayout/built-in.a
  CC      fs/nfs/nfs3acl.o
  CC      sound/soc/codecs/sgtl5000.o
  CC      drivers/clk/imx/clk-imx6q.o
  CC      sound/soc/generic/simple-card.o
  CC      fs/ubifs/super.o
  CC      sound/soc/codecs/tlv320aic31xx.o
  AR      fs/nfs/built-in.a
  CC      sound/soc/codecs/wm8960.o
  CC      net/ipv4/ip_tunnel.o
  AR      sound/soc/generic/built-in.a
  CC      sound/soc/codecs/wm8962.o
  CC      drivers/clk/imx/clk-imx6sl.o
  CC      net/ipv6/anycast.o
  CC      net/ipv6/ip6_output.o
  CC      drivers/clk/imx/clk-imx6sll.o
  AR      drivers/clk/ingenic/built-in.a
  CC      net/packet/af_packet.o
  CC      kernel/bpf/syscall.o
  CC      fs/ubifs/sb.o
  CC      kernel/bpf/verifier.o
  CC      drivers/clk/imx/clk-imx6sx.o
  CC      sound/soc/codecs/wm8994.o
  CC      fs/ubifs/io.o
  CC      net/ipv4/sysctl_net_ipv4.o
  CC      drivers/clk/imx/clk-imx6ul.o
  CC      fs/ubifs/tnc.o
  CC      drivers/clk/imx/clk-imx7d.o
  CC      net/ipv4/proc.o
  CC      sound/soc/codecs/wm8958-dsp2.o
  CC      net/ipv6/ip6_input.o
  CC      drivers/clk/imx/clk-imx7ulp.o
  CC      drivers/clk/imx/clk-vf610.o
  AR      net/packet/built-in.a
  CC      kernel/bpf/inode.o
  CC      fs/ubifs/master.o
  CC      sound/soc/codecs/wm_hubs.o
  CC      net/ipv4/tunnel4.o
  CC      kernel/bpf/helpers.o
  CC      fs/ubifs/scan.o
  AR      drivers/clk/imx/built-in.a
  AR      drivers/clk/mediatek/built-in.a
  AR      drivers/clk/microchip/built-in.a
  AR      drivers/clk/mstar/built-in.a
  AR      drivers/clk/mvebu/built-in.a
  AR      drivers/clk/ralink/built-in.a
  AR      drivers/clk/renesas/built-in.a
  AR      drivers/clk/socfpga/built-in.a
  AR      drivers/clk/sprd/built-in.a
  AR      drivers/clk/sunxi-ng/built-in.a
  AR      drivers/clk/ti/built-in.a
  AR      drivers/clk/versatile/built-in.a
  AR      drivers/clk/xilinx/built-in.a
  AR      drivers/clk/built-in.a
  CC      drivers/clocksource/timer-of.o
  CC      sound/soc/codecs/ac97.o
  CC      fs/ubifs/replay.o
  CC      drivers/clocksource/timer-probe.o
  CC      net/ipv6/addrconf.o
  CC      drivers/clocksource/mmio.o
  CC      net/ipv4/ipconfig.o
  CC      sound/soc/codecs/cs42xx8.o
  CC      kernel/bpf/tnum.o
  CC      net/ipv4/netfilter.o
  CC      drivers/clocksource/arm_arch_timer.o
  AR      net/ipv4/netfilter/built-in.a
  CC      fs/ubifs/log.o
  AR      sound/atmel/built-in.a
  CC      kernel/bpf/log.o
  CC      sound/soc/codecs/cs42xx8-i2c.o
  CC      fs/ubifs/commit.o
  CC      drivers/clocksource/dummy_timer.o
  CC      fs/ubifs/gc.o
  CC      net/ipv4/inet_diag.o
  CC      drivers/clocksource/arm_global_timer.o
  CC      fs/ubifs/orphan.o
  CC      sound/soc/codecs/es8328.o
  CC      kernel/bpf/bpf_iter.o
  CC      drivers/clocksource/timer-imx-gpt.o
  CC      fs/autofs/init.o
  CC      fs/autofs/inode.o
  CC      drivers/clocksource/timer-imx-tpm.o
  CC      sound/soc/codecs/es8328-i2c.o
  CC      fs/ubifs/budget.o
  CC      fs/autofs/root.o
  AR      drivers/clocksource/built-in.a
  CC      drivers/cpuidle/cpuidle.o
  CC      drivers/cpufreq/cpufreq.o
  CC      kernel/bpf/map_iter.o
  CC      sound/soc/codecs/es8328-spi.o
  CC      fs/autofs/symlink.o
  CC      fs/ubifs/find.o
  CC      net/ipv4/tcp_diag.o
  CC      fs/autofs/waitq.o
  CC      kernel/bpf/task_iter.o
  CC      sound/soc/codecs/tlv320aic23.o
  CC      net/ipv6/addrlabel.o
  CC      drivers/cpuidle/driver.o
  CC      fs/ubifs/tnc_commit.o
  CC      fs/autofs/expire.o
  CC      net/ipv4/tcp_cubic.o
  CC      drivers/cpuidle/governor.o
  CC      drivers/cpufreq/freq_table.o
  CC      sound/soc/codecs/tlv320aic23-i2c.o
  CC      fs/autofs/dev-ioctl.o
  CC      kernel/bpf/prog_iter.o
  CC      net/ipv6/route.o
  CC      fs/ubifs/compress.o
  CC      drivers/cpuidle/sysfs.o
  AR      fs/autofs/built-in.a
  CC      sound/soc/codecs/tlv320aic3x.o
  CC      drivers/cpufreq/cpufreq_stats.o
  CC      drivers/cpuidle/governors/menu.o
  CC      sound/soc/codecs/tlv320aic3x-i2c.o
  CC      net/ipv4/tcp_bpf.o
  CC      kernel/bpf/link_iter.o
  CC      fs/ubifs/lpt.o
  CC      drivers/cpufreq/cpufreq_performance.o
  AR      drivers/cpuidle/governors/built-in.a
  CC      drivers/cpuidle/dt_idle_states.o
  CC      drivers/cpuidle/dt_idle_genpd.o
  CC      drivers/cpufreq/cpufreq_powersave.o
  CC      kernel/bpf/hashtab.o
  CC      net/ipv6/ip6_fib.o
  CC      drivers/cpuidle/cpuidle-psci.o
  CC      drivers/cpufreq/cpufreq_userspace.o
  AR      sound/soc/codecs/built-in.a
  AR      sound/soc/apple/built-in.a
  AR      sound/soc/adi/built-in.a
  AR      sound/soc/amd/built-in.a
  AR      sound/soc/atmel/built-in.a
  AR      sound/soc/au1x/built-in.a
  AR      sound/soc/bcm/built-in.a
  AR      sound/soc/cirrus/built-in.a
  AR      sound/soc/dwc/built-in.a
  CC      fs/ubifs/lprops.o
  CC      sound/soc/fsl/fsl-asoc-card.o
  CC      drivers/cpufreq/cpufreq_ondemand.o
  CC      drivers/cpuidle/cpuidle-psci-domain.o
  CC      net/ipv4/udp_bpf.o
  CC      drivers/cpuidle/cpuidle-arm.o
  CC      sound/soc/fsl/fsl_asrc.o
  CC      drivers/cpufreq/cpufreq_conservative.o
  CC      fs/ubifs/recovery.o
  AR      drivers/cpuidle/built-in.a
  CC      fs/ubifs/ioctl.o
  CC      kernel/bpf/arraymap.o
  CC      drivers/cpufreq/cpufreq_governor.o
  CC      net/ipv6/ipv6_sockglue.o
  CC      sound/soc/fsl/fsl_asrc_dma.o
  CC      fs/ubifs/lpt_commit.o
  CC      drivers/cpufreq/cpufreq_governor_attr_set.o
  AR      net/ipv4/built-in.a
  AR      sound/hda/built-in.a
  AR      sound/x86/built-in.a
  CC      drivers/cpufreq/cpufreq-dt.o
  CC      sound/soc/fsl/fsl_sai.o
  CC      kernel/events/core.o
  CC      kernel/events/ring_buffer.o
  CC      kernel/bpf/percpu_freelist.o
  CC      kernel/bpf/bpf_lru_list.o
  CC      drivers/cpufreq/cpufreq-dt-platdev.o
  CC      kernel/events/callchain.o
  CC      fs/ubifs/tnc_misc.o
  CC      kernel/bpf/lpm_trie.o
  CC      sound/soc/fsl/fsl_ssi.o
  CC      drivers/cpufreq/imx-cpufreq-dt.o
  CC      sound/soc/fsl/fsl_ssi_dbg.o
  CC      net/ipv6/ndisc.o
  CC      net/ipv6/udp.o
  CC      drivers/cpufreq/imx6q-cpufreq.o
  CC      fs/ubifs/debug.o
  CC      fs/ubifs/misc.o
  CC      sound/soc/fsl/fsl_spdif.o
  CC      kernel/bpf/map_in_map.o
  AR      drivers/cpufreq/built-in.a
  AR      drivers/crypto/xilinx/built-in.a
  AR      drivers/cxl/core/built-in.a
  AR      drivers/cxl/built-in.a
  AR      sound/xen/built-in.a
  CC      kernel/bpf/bloom_filter.o
  CC      drivers/crypto/caam/error.o
  CC      fs/fuse/dev.o
  CC      sound/soc/fsl/fsl_esai.o
  CC      kernel/bpf/local_storage.o
  CC      fs/ubifs/sysfs.o
  CC      fs/ubifs/xattr.o
  CC      sound/soc/fsl/fsl_utils.o
  CC      kernel/bpf/queue_stack_maps.o
  CC      drivers/crypto/caam/ctrl.o
  CC      net/ipv6/udplite.o
  CC      fs/fuse/dir.o
  CC      sound/soc/fsl/imx-audmux.o
  CC      kernel/bpf/ringbuf.o
  AR      fs/ubifs/built-in.a
  CC      sound/soc/fsl/imx-pcm-dma.o
  CC      drivers/crypto/caam/debugfs.o
  CC      net/ipv6/raw.o
  CC      net/can/af_can.o
  CC      sound/soc/fsl/imx-sgtl5000.o
  CC      kernel/bpf/bpf_local_storage.o
  CC      fs/fuse/file.o
  CC      fs/debugfs/inode.o
  CC      drivers/crypto/caam/jr.o
  CC      sound/soc/fsl/imx-spdif.o
  CC      net/can/proc.o
  CC      kernel/bpf/bpf_task_storage.o
  CC      sound/soc/fsl/imx-pcm-fiq.o
  CC      fs/debugfs/file.o
  CC      kernel/events/hw_breakpoint.o
  CC      drivers/crypto/caam/key_gen.o
  CC      net/ipv6/icmp.o
  CC      kernel/bpf/disasm.o
  CC      sound/soc/fsl/eukrea-tlv320.o
  CC      net/can/raw.o
  AR      fs/debugfs/built-in.a
  CC      net/can/bcm.o
  CC      fs/fuse/inode.o
  CC      kernel/bpf/btf.o
  CC      sound/soc/fsl/imx-es8328.o
  AR      kernel/events/built-in.a
  CC      net/ipv6/mcast.o
  AR      sound/virtio/built-in.a
  CC      drivers/crypto/caam/caamalg.o
  CC [M]  net/bluetooth/bnep/core.o
  AR      sound/soc/fsl/built-in.a
  AR      sound/soc/hisilicon/built-in.a
  AR      sound/soc/jz4740/built-in.a
  AR      sound/soc/img/built-in.a
  AR      sound/soc/intel/common/built-in.a
  AR      sound/soc/intel/boards/built-in.a
  AR      sound/soc/intel/built-in.a
  AR      sound/soc/mediatek/built-in.a
  CC      net/can/gw.o
  AR      sound/soc/meson/built-in.a
  AR      sound/soc/mxs/built-in.a
  AR      sound/soc/kirkwood/built-in.a
  AR      sound/soc/pxa/built-in.a
  AR      sound/soc/qcom/built-in.a
  AR      sound/soc/rockchip/built-in.a
  AR      sound/soc/samsung/built-in.a
  AR      sound/soc/sh/built-in.a
  AR      sound/soc/sof/built-in.a
  AR      sound/soc/spear/built-in.a
  AR      sound/soc/sprd/built-in.a
  AR      sound/soc/sti/built-in.a
  AR      sound/soc/stm/built-in.a
  AR      sound/soc/sunxi/built-in.a
  CC [M]  net/bluetooth/bnep/sock.o
  AR      sound/soc/tegra/built-in.a
  AR      sound/soc/ti/built-in.a
  CC      fs/fuse/control.o
  AR      sound/soc/uniphier/built-in.a
  AR      sound/soc/ux500/built-in.a
  AR      sound/soc/xilinx/built-in.a
  AR      sound/soc/xtensa/built-in.a
  CC      sound/soc/soc-ac97.o
  CC      net/bluetooth/af_bluetooth.o
  CC      fs/fuse/xattr.o
  CC [M]  net/bluetooth/bnep/netdev.o
  AR      net/can/built-in.a
  AR      sound/soc/built-in.a
  CC      fs/fuse/acl.o
  CC      sound/last.o
  CC      kernel/context_tracking.o
  CC      sound/ac97_bus.o
  CC      drivers/crypto/caam/caamhash.o
  CC      fs/fuse/readdir.o
  LD [M]  net/bluetooth/bnep/bnep.o
  CC      fs/fuse/ioctl.o
  CC      net/bluetooth/hci_core.o
  AR      sound/built-in.a
  CC      fs/tracefs/inode.o
  CC      net/bluetooth/hci_conn.o
  CC      net/bluetooth/hci_event.o
  CC      net/ipv6/reassembly.o
  AR      fs/fuse/built-in.a
  CC      net/ipv6/tcp_ipv6.o
  AR      fs/tracefs/built-in.a
  CC [M]  fs/isofs/namei.o
  CC      kernel/bpf/memalloc.o
  CC      drivers/crypto/caam/caamrng.o
  CC [M]  fs/isofs/inode.o
  CC      kernel/bpf/devmap.o
  CC [M]  fs/udf/balloc.o
  CC      drivers/crypto/caam/caamprng.o
  CC [M]  fs/isofs/dir.o
  CC [M]  fs/udf/dir.o
  CC [M]  fs/isofs/util.o
  CC [M]  fs/udf/file.o
  CC [M]  fs/udf/ialloc.o
  CC      drivers/crypto/caam/caampkc.o
  CC      kernel/bpf/cpumap.o
  CC      net/ipv6/ping.o
  CC [M]  fs/isofs/rock.o
  CC      net/ipv6/exthdrs.o
  CC      kernel/bpf/offload.o
  CC      net/bluetooth/mgmt.o
  CC [M]  fs/udf/inode.o
  CC [M]  fs/isofs/export.o
  CC [M]  fs/isofs/joliet.o
  CC      drivers/crypto/caam/pkc_desc.o
  CC      drivers/crypto/caam/caamalg_desc.o
  CC [M]  fs/isofs/compress.o
  CC      kernel/bpf/net_namespace.o
  CC [M]  fs/udf/lowlevel.o
  AR      drivers/crypto/hisilicon/built-in.a
  CC      net/ipv6/datagram.o
  LD [M]  fs/isofs/isofs.o
  CC      kernel/bpf/stackmap.o
  CC      kernel/bpf/cgroup_iter.o
  CC      kernel/bpf/cgroup.o
  CC [M]  fs/udf/namei.o
  CC      kernel/bpf/reuseport_array.o
  AR      drivers/crypto/keembay/built-in.a
  CC [M]  fs/udf/partition.o
  CC      drivers/crypto/mxs-dcp.o
  CC [M]  fs/udf/super.o
  CC      drivers/crypto/sahara.o
  CC [M]  fs/binfmt_misc.o
  CC      net/ipv6/ip6_flowlabel.o
  CC      drivers/crypto/caam/caamhash_desc.o
  CC [M]  fs/udf/truncate.o
  CC      kernel/bpf/relo_core.o
  CC      net/ipv6/inet6_connection_sock.o
  CC      net/bluetooth/hci_sock.o
  CC      net/ipv6/udp_offload.o
  CC [M]  fs/udf/symlink.o
  CC      net/ipv6/seg6.o
  CC [M]  fs/udf/directory.o
  AR      kernel/bpf/built-in.a
  CC      kernel/iomem.o
  AR      drivers/crypto/caam/built-in.a
  AR      drivers/crypto/built-in.a
  CC [M]  fs/udf/misc.o
  CC      drivers/dma/dmaengine.o
  CC      drivers/dma/virt-dma.o
  CC      net/ipv6/fib6_notifier.o
  CC      net/sunrpc/clnt.o
  CC      net/wireless/core.o
  CC      kernel/rseq.o
  CC [M]  fs/udf/udftime.o
  CC [M]  fs/udf/unicode.o
  CC      net/bluetooth/hci_sysfs.o
  CC      net/ipv6/rpl.o
  AR      fs/built-in.a
  CC      kernel/relay.o
  CC      drivers/dma/of-dma.o
  CC      net/mac80211/main.o
  LD [M]  fs/udf/udf.o
  CC      kernel/tracepoint.o
  CC      net/bluetooth/l2cap_core.o
  CC      net/ipv6/ioam6.o
  CC      drivers/dma/fsl-edma.o
  CC      net/wireless/sysfs.o
  GZIP    kernel/config_data.gz
  CC      kernel/configs.o
  CC      drivers/dma-buf/dma-buf.o
  AR      kernel/built-in.a
  CC      net/wireless/radiotap.o
  CC      drivers/dma/fsl-edma-common.o
  CC      net/sunrpc/xprt.o
  CC      net/ipv6/sysctl_net_ipv6.o
  CC      net/ipv6/netfilter.o
  CC      net/mac80211/status.o
  CC      drivers/dma-buf/dma-fence.o
  AR      drivers/dma/idxd/built-in.a
  CC      drivers/dma/ipu/ipu_irq.o
  CC      net/wireless/util.o
  CC      drivers/dma-buf/dma-fence-array.o
  CC      drivers/dma/ipu/ipu_idmac.o
  CC      net/ipv6/proc.o
  CC      drivers/dma-buf/dma-fence-chain.o
  AR      drivers/dma/mediatek/built-in.a
  CC      net/wireless/reg.o
  CC      net/sunrpc/socklib.o
  AR      drivers/dma/ipu/built-in.a
  AR      drivers/dma/qcom/built-in.a
  AR      drivers/dma/ti/built-in.a
  AR      drivers/dma/xilinx/built-in.a
  CC      drivers/dma/mxs-dma.o
  CC      drivers/dma-buf/dma-fence-unwrap.o
  CC      net/mac80211/driver-ops.o
  CC      net/bluetooth/l2cap_sock.o
  AR      net/ipv6/netfilter/built-in.a
  CC      net/ipv6/sit.o
  CC [M]  drivers/dma/imx-sdma.o
  CC      drivers/dma-buf/dma-resv.o
  CC      net/ipv6/addrconf_core.o
  CC      net/sunrpc/xprtsock.o
  CC      net/mac80211/sta_info.o
  CC      drivers/dma-buf/sync_file.o
  CC [M]  drivers/dma/dmatest.o
  CC      net/bluetooth/smp.o
  CC      net/ipv6/exthdrs_core.o
  CC      net/sunrpc/sched.o
  AR      drivers/dma-buf/built-in.a
  CC      net/wireless/scan.o
  CC      net/wireless/nl80211.o
  AR      drivers/dma/built-in.a
  CC      drivers/extcon/extcon.o
  CC      net/ipv6/ip6_checksum.o
  CC      net/wireless/mlme.o
  CC      drivers/extcon/devres.o
  CC      net/bluetooth/lib.o
  AR      drivers/extcon/built-in.a
  AR      drivers/firewire/built-in.a
  CC      drivers/firmware/qcom_scm.o
  CC      net/ipv6/ip6_icmp.o
  CC      net/bluetooth/ecdh_helper.o
  CC      net/mac80211/wep.o
  CC      net/ipv6/output_core.o
  CC      drivers/firmware/qcom_scm-smc.o
  CC      net/wireless/ibss.o
  CC      net/ipv6/protocol.o
  CC      net/bluetooth/hci_request.o
  CC      net/mac80211/aead_api.o
  CC      drivers/firmware/qcom_scm-legacy.o
  CC      net/mac80211/wpa.o
  AR      drivers/firmware/arm_ffa/built-in.a
  AR      drivers/firmware/arm_scmi/built-in.a
  AR      drivers/firmware/broadcom/built-in.a
  AR      drivers/firmware/cirrus/built-in.a
  AR      drivers/firmware/meson/built-in.a
  AR      drivers/firmware/efi/built-in.a
  AR      drivers/firmware/imx/built-in.a
  CC      drivers/firmware/psci/psci.o
  CC      drivers/gpio/gpiolib.o
  CC      net/ipv6/ip6_offload.o
  CC      net/bluetooth/mgmt_util.o
  AR      drivers/firmware/psci/built-in.a
  CC      net/sunrpc/auth.o
  CC      drivers/firmware/smccc/smccc.o
  CC      drivers/firmware/smccc/kvm_guest.o
  CC      drivers/gpio/gpiolib-devres.o
  CC      net/bluetooth/mgmt_config.o
  CC      net/mac80211/scan.o
  CC      net/ipv6/tcpv6_offload.o
  CC      drivers/firmware/smccc/soc_id.o
  AR      drivers/firmware/smccc/built-in.a
  AR      drivers/firmware/tegra/built-in.a
  AR      drivers/firmware/xilinx/built-in.a
  AR      drivers/firmware/built-in.a
  CC      drivers/gpio/gpiolib-legacy.o
  CC      net/mac80211/offchannel.o
  CC      net/bluetooth/hci_codec.o
  CC      net/ipv6/exthdrs_offload.o
  CC      net/sunrpc/auth_null.o
  CC      drivers/gpio/gpiolib-of.o
  CC      drivers/gpio/gpiolib-cdev.o
  CC      net/bluetooth/eir.o
  CC      net/ipv6/inet6_hashtables.o
  CC      net/mac80211/ht.o
  CC      net/sunrpc/auth_unix.o
  CC      net/wireless/sme.o
  CC      net/bluetooth/hci_sync.o
  CC      net/sunrpc/svc.o
  CC      drivers/gpio/gpio-mmio.o
  CC      net/ipv6/mcast_snoop.o
  CC      net/mac80211/agg-tx.o
  CC      drivers/gpio/gpio-max732x.o
  CC      net/wireless/chan.o
  CC      drivers/gpio/gpio-mxc.o
  AR      net/ipv6/built-in.a
  CC      net/mac80211/agg-rx.o
  CC      net/mac80211/vht.o
  CC      net/sunrpc/svcsock.o
  CC      drivers/gpio/gpio-pca953x.o
  CC      net/sunrpc/svcauth.o
  CC      net/wireless/ethtool.o
  CC      drivers/gpio/gpiolib-sysfs.o
  CC      net/mac80211/he.o
  CC      net/bluetooth/sco.o
  CC      net/bluetooth/iso.o
  CC      net/sunrpc/svcauth_unix.o
  CC      drivers/gpio/gpio-74x164.o
  CC      drivers/gpio/gpio-pcf857x.o
  CC      net/wireless/mesh.o
  CC      net/mac80211/s1g.o
  CC      net/wireless/ap.o
  CC      net/wireless/trace.o
  CC      drivers/hid/hid-core.o
  CC      drivers/gpio/gpio-stmpe.o
  CC      net/bluetooth/hci_debugfs.o
  CC      net/sunrpc/addr.o
  CC      net/mac80211/ibss.o
  CC      drivers/gpio/gpio-vf610.o
  CC      net/mac80211/iface.o
  CC      drivers/hwmon/hwmon.o
  CC [M]  drivers/gpio/gpio-siox.o
  CC      drivers/hid/hid-input.o
  AR      net/bluetooth/built-in.a
  CC      drivers/hid/hid-quirks.o
  AR      drivers/gpio/built-in.a
  CC      net/rfkill/core.o
  CC      net/sunrpc/rpcb_clnt.o
  CC      drivers/hwmon/gpio-fan.o
  CC      drivers/hwmon/iio_hwmon.o
  CC      drivers/hwmon/mc13783-adc.o
  CC      net/mac80211/link.o
  CC      net/mac80211/rate.o
  CC      drivers/hid/hid-debug.o
  CC      net/rfkill/input.o
  AR      drivers/hwmon/built-in.a
  CC      drivers/hid/hid-generic.o
  CC      net/sunrpc/timer.o
  AR      net/rfkill/built-in.a
  CC      drivers/hid/hid-multitouch.o
  CC      net/sysctl_net.o
  CC      net/sunrpc/xdr.o
  CC      drivers/hid/usbhid/hid-core.o
  CC      net/dns_resolver/dns_key.o
  CC      drivers/hid/i2c-hid/i2c-hid-core.o
  CC      drivers/hid/i2c-hid/i2c-hid-of.o
  CC      net/mac80211/michael.o
  CC      drivers/hid/wacom_wac.o
  CC      net/dns_resolver/dns_query.o
  CC      net/mac80211/tkip.o
  AR      drivers/hid/usbhid/built-in.a
  CC      net/sunrpc/sunrpc_syms.o
  CC      net/wireless/ocb.o
  AR      drivers/hid/i2c-hid/built-in.a
  CC      net/wireless/pmsr.o
  AR      net/dns_resolver/built-in.a
  CC      net/sunrpc/cache.o
  CC      drivers/hid/wacom_sys.o
  CC      net/mac80211/aes_cmac.o
  CC      net/wireless/of.o
  CC      net/mac80211/aes_gmac.o
  CC      net/wireless/shipped-certs.o
  CC      net/wireless/wext-compat.o
  CC      net/wireless/wext-sme.o
  AR      drivers/hid/built-in.a
  AR      drivers/hwtracing/intel_th/built-in.a
  CC      net/sunrpc/rpc_pipe.o
  CC      drivers/i2c/i2c-boardinfo.o
  CC      drivers/i2c/i2c-core-base.o
  CC      net/mac80211/fils_aead.o
  CC      net/mac80211/cfg.o
  CC      net/sunrpc/sysfs.o
  CC      net/wireless/wext-core.o
  CC      drivers/i2c/i2c-core-smbus.o
  CC      net/wireless/wext-proc.o
  CC      net/sunrpc/svc_xprt.o
  CC      net/sunrpc/xprtmultipath.o
  CC      drivers/i2c/i2c-core-slave.o
  CC      drivers/i2c/i2c-core-of.o
  CC      drivers/i2c/i2c-dev.o
  AR      net/wireless/built-in.a
  CC      net/mac80211/ethtool.o
  CC      drivers/i2c/i2c-mux.o
  CC      drivers/i2c/algos/i2c-algo-bit.o
  CC      net/sunrpc/backchannel_rqst.o
  CC      net/mac80211/rx.o
  CC      drivers/i2c/busses/i2c-gpio.o
  CC [M]  drivers/i2c/algos/i2c-algo-pcf.o
  CC      drivers/i2c/muxes/i2c-mux-gpio.o
  CC      net/sunrpc/stats.o
  CC      net/sunrpc/sysctl.o
  CC      drivers/i2c/busses/i2c-imx.o
  CC      net/sunrpc/auth_gss/auth_gss.o
  AR      drivers/i2c/muxes/built-in.a
  AR      drivers/i3c/built-in.a
  AR      drivers/idle/built-in.a
  CC      net/mac80211/spectmgmt.o
  CC      drivers/iio/industrialio-core.o
  CC [M]  drivers/i2c/algos/i2c-algo-pca.o
  CC      drivers/iio/industrialio-event.o
  AR      drivers/i2c/busses/built-in.a
  CC      net/sunrpc/auth_gss/gss_generic_token.o
  CC      drivers/input/input.o
  AR      drivers/i2c/algos/built-in.a
  CC      drivers/iio/inkern.o
  AR      drivers/i2c/built-in.a
  CC      drivers/iio/industrialio-buffer.o
  CC      drivers/iio/industrialio-trigger.o
  CC      net/sunrpc/auth_gss/gss_mech_switch.o
  CC      net/sunrpc/auth_gss/svcauth_gss.o
  CC      net/mac80211/tx.o
  CC      net/sunrpc/auth_gss/gss_rpc_upcall.o
  CC      drivers/input/serio/serio.o
  CC      drivers/input/input-compat.o
  CC      drivers/input/input-mt.o
  CC      drivers/iio/accel/mma8452.o
  CC      net/sunrpc/auth_gss/gss_rpc_xdr.o
  CC      drivers/input/serio/libps2.o
  CC      net/sunrpc/auth_gss/trace.o
  CC      drivers/input/input-poller.o
  CC [M]  drivers/input/serio/serport.o
  AR      drivers/iio/accel/built-in.a
  CC      drivers/iio/adc/imx7d_adc.o
  CC      drivers/input/ff-core.o
  CC      drivers/input/touchscreen.o
  CC      drivers/input/matrix-keymap.o
  AR      drivers/iio/addac/built-in.a
  CC      drivers/input/vivaldi-fmap.o
  AR      drivers/input/serio/built-in.a
  AR      drivers/iio/afe/built-in.a
  AR      drivers/iommu/amd/built-in.a
  AR      drivers/iommu/intel/built-in.a
  AR      drivers/iommu/arm/arm-smmu/built-in.a
  AR      drivers/iommu/arm/arm-smmu-v3/built-in.a
  AR      drivers/iommu/arm/built-in.a
  CC      drivers/iommu/io-pgtable.o
  CC      drivers/iio/adc/rn5t618-adc.o
  CC      drivers/irqchip/irqchip.o
  CC      drivers/leds/led-core.o
  CC      drivers/leds/led-class.o
  CC      drivers/input/input-leds.o
  AR      net/sunrpc/auth_gss/built-in.a
  AR      net/sunrpc/built-in.a
  CC      drivers/iio/adc/stmpe-adc.o
  AR      drivers/macintosh/built-in.a
  CC      drivers/leds/led-triggers.o
  AR      drivers/iommu/built-in.a
  CC      drivers/leds/leds-gpio.o
  CC      drivers/input/evdev.o
  CC      net/mac80211/key.o
  CC      drivers/irqchip/irq-gic.o
  CC      drivers/iio/adc/vf610_adc.o
  CC      net/mac80211/util.o
  CC      drivers/input/keyboard/atkbd.o
  CC      drivers/leds/leds-pwm.o
  AR      drivers/iio/adc/built-in.a
  AR      drivers/iio/amplifiers/built-in.a
  CC      drivers/iio/buffer/industrialio-triggered-buffer.o
  CC      drivers/leds/trigger/ledtrig-timer.o
  CC      drivers/irqchip/irq-gic-common.o
  CC      drivers/irqchip/irq-gic-v3.o
  CC      drivers/media/i2c/ir-kbd-i2c.o
  CC      drivers/input/keyboard/gpio_keys.o
  CC      drivers/leds/trigger/ledtrig-heartbeat.o
  AR      drivers/leds/blink/built-in.a
  CC      drivers/iio/buffer/kfifo_buf.o
  CC      drivers/input/keyboard/snvs_pwrkey.o
  CC      drivers/leds/trigger/ledtrig-default-on.o
  CC      net/mac80211/wme.o
  CC      drivers/input/keyboard/imx_keypad.o
  CC [M]  drivers/media/i2c/ov5640.o
  CC      drivers/leds/trigger/ledtrig-oneshot.o
  AR      drivers/iio/buffer/built-in.a
  AR      drivers/iio/cdc/built-in.a
  AR      drivers/iio/chemical/built-in.a
  AR      drivers/iio/common/cros_ec_sensors/built-in.a
  AR      drivers/iio/common/hid-sensors/built-in.a
  AR      drivers/iio/common/ms_sensors/built-in.a
  AR      drivers/iio/common/scmi_sensors/built-in.a
  AR      drivers/iio/common/ssp_sensors/built-in.a
  AR      drivers/iio/common/st_sensors/built-in.a
  AR      drivers/iio/common/built-in.a
  AR      drivers/iio/dac/built-in.a
  AR      drivers/iio/dummy/built-in.a
  AR      drivers/iio/gyro/built-in.a
  AR      drivers/iio/filter/built-in.a
  AR      drivers/iio/frequency/built-in.a
  AR      drivers/iio/health/built-in.a
  AR      drivers/iio/humidity/built-in.a
  AR      drivers/input/mouse/built-in.a
  CC [M]  drivers/input/mouse/psmouse-base.o
  AR      drivers/iio/imu/bmi160/built-in.a
  AR      drivers/iio/imu/bno055/built-in.a
  AR      drivers/iio/imu/inv_icm42600/built-in.a
  AR      drivers/iio/imu/inv_mpu6050/built-in.a
  AR      drivers/iio/imu/st_lsm6dsx/built-in.a
  AR      drivers/iio/imu/st_lsm9ds0/built-in.a
  CC      drivers/irqchip/irq-gic-v3-mbi.o
  AR      drivers/iio/imu/built-in.a
  CC      drivers/leds/trigger/ledtrig-backlight.o
  CC      drivers/iio/light/isl29018.o
  AR      drivers/input/keyboard/built-in.a
  CC      drivers/leds/trigger/ledtrig-gpio.o
  CC      drivers/input/misc/mma8450.o
  CC      drivers/irqchip/irq-gic-v3-its.o
  CC      drivers/input/touchscreen/atmel_mxt_ts.o
  AR      drivers/leds/trigger/built-in.a
  AR      drivers/leds/simple/built-in.a
  AR      drivers/leds/built-in.a
  CC      drivers/irqchip/irq-gic-v3-its-platform-msi.o
  AR      drivers/iio/light/built-in.a
  CC      drivers/iio/magnetometer/mag3110.o
  CC [M]  drivers/input/mouse/synaptics.o
  CC [M]  drivers/media/i2c/ov5645.o
  AR      drivers/iio/multiplexer/built-in.a
  CC      drivers/irqchip/irq-gic-v4.o
  AR      drivers/input/misc/built-in.a
  CC      drivers/input/touchscreen/edt-ft5x06.o
  AR      drivers/iio/magnetometer/built-in.a
  AR      drivers/iio/orientation/built-in.a
  AR      drivers/iio/position/built-in.a
  AR      drivers/iio/potentiometer/built-in.a
  AR      drivers/iio/potentiostat/built-in.a
  CC      drivers/iio/pressure/mpl3115.o
  CC      net/mac80211/chan.o
  CC      net/mac80211/trace.o
  CC [M]  drivers/media/i2c/adv7180.o
  CC      net/mac80211/mlme.o
  CC [M]  drivers/input/mouse/focaltech.o
  CC      drivers/input/touchscreen/goodix.o
  AR      drivers/iio/pressure/built-in.a
  AR      drivers/iio/proximity/built-in.a
  AR      drivers/iio/resolver/built-in.a
  AR      drivers/iio/temperature/built-in.a
  AR      drivers/iio/test/built-in.a
  AR      drivers/iio/trigger/built-in.a
  AR      drivers/iio/built-in.a
  CC      drivers/input/touchscreen/goodix_fwupload.o
  CC [M]  drivers/input/mouse/alps.o
  CC [M]  drivers/media/i2c/ov2680.o
  CC      drivers/irqchip/irq-gic-v3-its-pci-msi.o
  CC      drivers/mfd/wm8994-core.o
  CC      drivers/input/touchscreen/ad7879.o
  CC      drivers/irqchip/irq-partition-percpu.o
  AR      drivers/media/i2c/built-in.a
  AR      drivers/media/tuners/built-in.a
  CC [M]  drivers/media/tuners/mc44s803.o
  CC      drivers/mfd/wm8994-irq.o
  CC [M]  drivers/input/mouse/byd.o
  CC      drivers/input/touchscreen/ad7879-i2c.o
  CC      drivers/irqchip/irq-imx-gpcv2.o
  CC      drivers/irqchip/irq-imx-irqsteer.o
  CC [M]  drivers/input/mouse/elantech.o
  CC      drivers/input/touchscreen/ads7846.o
  CC      drivers/input/touchscreen/da9052_tsi.o
  CC      drivers/irqchip/irq-imx-intmux.o
  CC      drivers/mfd/wm8994-regmap.o
  CC [M]  drivers/media/tuners/mt20xx.o
  CC      drivers/misc/eeprom/at24.o
  CC      drivers/irqchip/irq-vf610-mscm-ir.o
  CC      drivers/mfd/mfd-core.o
  CC [M]  drivers/input/mouse/logips2pp.o
  CC      drivers/input/touchscreen/egalax_ts.o
  CC [M]  drivers/irqchip/irq-imx-mu-msi.o
  CC      drivers/misc/eeprom/at25.o
  CC [M]  drivers/input/mouse/trackpoint.o
  CC [M]  drivers/media/tuners/tuner-simple.o
  AR      drivers/irqchip/built-in.a
  CC      drivers/input/touchscreen/ili210x.o
  CC [M]  drivers/media/tuners/tuner-types.o
  CC      drivers/mfd/syscon.o
  CC      drivers/mfd/stmpe.o
  CC [M]  drivers/input/mouse/cypress_ps2.o
  AR      drivers/misc/eeprom/built-in.a
  AR      drivers/misc/cb710/built-in.a
  AR      drivers/misc/ti-st/built-in.a
  AR      drivers/misc/lis3lv02d/built-in.a
  CC      drivers/misc/sram.o
  CC      drivers/input/touchscreen/imx6ul_tsc.o
  CC      net/mac80211/tdls.o
  CC      net/mac80211/ocb.o
  AR      drivers/misc/cardreader/built-in.a
  CC      net/mac80211/airtime.o
  CC [M]  drivers/input/mouse/psmouse-smbus.o
  CC      drivers/misc/sram-exec.o
  CC [M]  drivers/media/tuners/tda18271-maps.o
  CC      drivers/input/touchscreen/max11801_ts.o
  CC      drivers/mfd/stmpe-i2c.o
  LD [M]  drivers/input/mouse/psmouse.o
  CC      drivers/mfd/mc13xxx-core.o
  AR      drivers/misc/built-in.a
  CC      drivers/mfd/mc13xxx-spi.o
  CC [M]  drivers/media/tuners/tda18271-common.o
  CC [M]  drivers/media/tuners/tda18271-fe.o
  CC      drivers/input/touchscreen/mc13783_ts.o
  CC [M]  drivers/media/dvb-frontends/cxd2880/cxd2880_common.o
  CC [M]  drivers/media/dvb-frontends/cxd2880/cxd2880_devio_spi.o
  CC [M]  drivers/media/dvb-frontends/drx39xyj/drxj.o
  CC      drivers/mfd/mc13xxx-i2c.o
  CC      drivers/input/touchscreen/stmpe-ts.o
  CC [M]  drivers/media/dvb-frontends/cxd2880/cxd2880_integ.o
  CC [M]  drivers/media/dvb-frontends/cxd2880/cxd2880_io.o
  CC      net/mac80211/eht.o
  CC      drivers/mfd/da9052-irq.o
  CC [M]  drivers/media/dvb-frontends/cxd2880/cxd2880_spi_device.o
  CC [M]  drivers/media/tuners/tda827x.o
  CC      drivers/input/touchscreen/tsc200x-core.o
  CC      net/mac80211/pm.o
  CC [M]  drivers/media/dvb-frontends/cxd2880/cxd2880_tnrdmd.o
  CC      drivers/mfd/da9052-core.o
  CC      drivers/mfd/da9052-i2c.o
  CC      drivers/mfd/da9062-core.o
  CC      drivers/input/touchscreen/tsc2004.o
  CC [M]  drivers/media/tuners/tda8290.o
  CC [M]  drivers/media/tuners/tda9887.o
  CC      drivers/input/touchscreen/tsc2007_core.o
  CC      drivers/mfd/da9063-core.o
  CC [M]  drivers/media/dvb-frontends/cxd2880/cxd2880_tnrdmd_dvbt2.o
  CC      drivers/mfd/da9063-irq.o
  CC      net/mac80211/rc80211_minstrel_ht.o
  CC      drivers/input/touchscreen/sx8654.o
  CC [M]  drivers/media/tuners/xc2028.o
  CC      drivers/mfd/da9063-i2c.o
  CC      drivers/mfd/rn5t618.o
  CC [M]  drivers/media/dvb-frontends/a8293.o
  CC [M]  drivers/media/dvb-frontends/cxd2880/cxd2880_tnrdmd_dvbt2_mon.o
  LD [M]  drivers/media/dvb-frontends/drx39xyj/drx39xyj.o
  CC      drivers/input/touchscreen/colibri-vf50-ts.o
  CC      drivers/mmc/core/core.o
  CC      drivers/mmc/core/bus.o
  CC      drivers/mmc/core/host.o
  AR      drivers/mfd/built-in.a
  AR      drivers/input/touchscreen/built-in.a
  CC      drivers/mmc/core/mmc.o
  AR      drivers/input/built-in.a
  CC      drivers/mmc/core/mmc_ops.o
  CC [M]  drivers/media/dvb-frontends/cxd2880/cxd2880_tnrdmd_dvbt.o
  CC [M]  drivers/media/tuners/xc4000.o
  AR      net/mac80211/built-in.a
  CC [M]  drivers/media/tuners/xc5000.o
  AR      net/built-in.a
  CC [M]  drivers/media/dvb-frontends/cxd2880/cxd2880_tnrdmd_dvbt_mon.o
  CC      drivers/mmc/core/sd.o
  CC [M]  drivers/media/dvb-frontends/cxd2880/cxd2880_tnrdmd_mon.o
  CC [M]  drivers/media/dvb-frontends/cxd2880/cxd2880_top.o
  CC      drivers/mmc/core/sd_ops.o
  CC [M]  drivers/media/dvb-frontends/af9013.o
  CC      drivers/mmc/host/sdhci.o
  CC      drivers/mtd/mtdcore.o
  CC      drivers/mtd/mtdsuper.o
  CC [M]  drivers/media/tuners/e4000.o
  CC [M]  drivers/media/tuners/fc0011.o
  CC      drivers/mmc/core/sdio.o
  CC      drivers/mmc/core/sdio_ops.o
  LD [M]  drivers/media/dvb-frontends/cxd2880/cxd2880.o
  CC [M]  drivers/media/dvb-frontends/af9033.o
  CC      drivers/mtd/mtdconcat.o
  CC      drivers/mmc/core/sdio_bus.o
  CC [M]  drivers/media/tuners/fc0012.o
  CC      drivers/mtd/mtdpart.o
  CC      drivers/mtd/mtdchar.o
  CC      drivers/media/mc/mc-device.o
  CC [M]  drivers/media/dvb-frontends/ascot2e.o
  CC      drivers/mmc/core/sdio_cis.o
  CC      drivers/mmc/core/sdio_io.o
  CC [M]  drivers/media/tuners/fc0013.o
  CC      drivers/mtd/parsers/ofpart_core.o
  CC      drivers/mmc/host/sdhci-pltfm.o
  CC      drivers/media/mc/mc-devnode.o
  CC      drivers/mmc/host/sdhci-esdhc-imx.o
  CC      drivers/mmc/host/cqhci-core.o
  CC      drivers/mtd/parsers/cmdlinepart.o
  CC [M]  drivers/media/dvb-frontends/atbm8830.o
  CC      drivers/media/mc/mc-entity.o
  CC      drivers/mmc/core/sdio_irq.o
  AR      drivers/mtd/parsers/built-in.a
  CC      drivers/mtd/mtd_blkdevs.o
  CC      drivers/mtd/mtdblock.o
  CC [M]  drivers/media/tuners/fc2580.o
  CC [M]  drivers/media/dvb-frontends/au8522_common.o
  CC [M]  drivers/media/dvb-frontends/au8522_dig.o
  AR      drivers/mmc/host/built-in.a
  CC      drivers/media/dvb-core/dvbdev.o
  CC [M]  drivers/media/v4l2-core/v4l2-jpeg.o
  CC      drivers/mmc/core/slot-gpio.o
  CC      drivers/media/mc/mc-request.o
  CC [M]  drivers/media/tuners/it913x.o
  CC      drivers/mtd/chips/chipreg.o
  CC      drivers/media/v4l2-core/v4l2-async.o
  CC      drivers/media/v4l2-core/v4l2-fwnode.o
  CC [M]  drivers/media/dvb-frontends/au8522_decoder.o
  CC      drivers/mmc/core/regulator.o
  CC [M]  drivers/media/tuners/m88rs6000t.o
  CC      drivers/media/dvb-core/dmxdev.o
  CC      drivers/media/mc/mc-dev-allocator.o
  CC      drivers/mtd/chips/cfi_probe.o
  CC [M]  drivers/media/dvb-frontends/bcm3510.o
  CC      drivers/mtd/chips/cfi_util.o
  CC [M]  drivers/media/tuners/max2165.o
  CC      drivers/mmc/core/pwrseq.o
  CC      drivers/mmc/core/debugfs.o
  AR      drivers/media/mc/built-in.a
  CC      drivers/mtd/chips/cfi_cmdset_0020.o
  CC      drivers/media/v4l2-core/v4l2-mem2mem.o
  CC      drivers/media/dvb-core/dvb_demux.o
  CC      drivers/media/v4l2-core/v4l2-dv-timings.o
  CC [M]  drivers/media/dvb-frontends/cx22700.o
  CC      drivers/mmc/core/pwrseq_simple.o
  CC [M]  drivers/media/tuners/msi001.o
  CC      drivers/mtd/chips/cfi_cmdset_0002.o
  CC      drivers/media/rc/keymaps/rc-adstech-dvb-t-pci.o
  CC      drivers/media/dvb-core/dvb_ca_en50221.o
  CC      drivers/mmc/core/pwrseq_emmc.o
  CC      drivers/media/dvb-core/dvb_frontend.o
  CC      drivers/media/v4l2-core/v4l2-dev.o
  CC      drivers/media/rc/keymaps/rc-alink-dtu-m.o
  CC [M]  drivers/media/dvb-frontends/cx22702.o
  CC [M]  drivers/media/tuners/mt2060.o
  CC      drivers/mmc/core/block.o
  CC      drivers/media/rc/keymaps/rc-anysee.o
  CC      drivers/media/rc/keymaps/rc-apac-viewcomp.o
  CC      drivers/mmc/core/queue.o
  CC [M]  drivers/media/dvb-frontends/cx24110.o
  CC      drivers/mtd/chips/cfi_cmdset_0001.o
  CC [M]  drivers/media/tuners/mt2063.o
  CC      drivers/media/rc/keymaps/rc-astrometa-t2hybrid.o
  CC      drivers/media/v4l2-core/v4l2-ioctl.o
  CC      drivers/media/rc/keymaps/rc-asus-pc39.o
  CC      drivers/media/dvb-core/dvb_net.o
  CC      drivers/media/v4l2-core/v4l2-device.o
  AR      drivers/mmc/core/built-in.a
  AR      drivers/mmc/built-in.a
  CC [M]  drivers/media/dvb-frontends/cx24116.o
  CC      drivers/media/rc/keymaps/rc-asus-ps3-100.o
  CC      drivers/media/rc/keymaps/rc-ati-tv-wonder-hd-600.o
  CC      drivers/mtd/chips/gen_probe.o
  CC      drivers/mtd/chips/jedec_probe.o
  CC      drivers/media/rc/keymaps/rc-ati-x10.o
  CC [M]  drivers/media/tuners/mt2131.o
  CC      drivers/media/dvb-core/dvb_ringbuffer.o
  CC      drivers/media/rc/keymaps/rc-avermedia-a16d.o
  CC [M]  drivers/media/dvb-frontends/cx24117.o
  CC      drivers/media/rc/keymaps/rc-avermedia-cardbus.o
  AR      drivers/mtd/lpddr/built-in.a
  AR      drivers/mtd/chips/built-in.a
  CC      drivers/media/cec/core/cec-core.o
  CC      drivers/mtd/maps/physmap-core.o
  CC      drivers/media/dvb-core/dvb_math.o
  CC      drivers/mtd/devices/mtd_dataflash.o
  CC      drivers/media/rc/keymaps/rc-avermedia-dvbt.o
  CC      drivers/media/v4l2-core/v4l2-fh.o
  AR      drivers/mtd/maps/built-in.a
  CC      drivers/media/v4l2-core/v4l2-event.o
  CC [M]  drivers/media/tuners/mt2266.o
  AR      drivers/media/dvb-core/built-in.a
  CC      drivers/media/rc/keymaps/rc-avermedia-m135a.o
  AR      drivers/media/common/b2c2/built-in.a
  AR      drivers/media/common/siano/built-in.a
  AR      drivers/media/common/v4l2-tpg/built-in.a
  CC      drivers/media/common/videobuf2/videobuf2-core.o
  CC      drivers/media/cec/core/cec-adap.o
  CC      drivers/mtd/devices/sst25l.o
  CC      drivers/media/rc/keymaps/rc-avermedia-m733a-rm-k6.o
  CC [M]  drivers/media/dvb-frontends/cx24120.o
  CC      drivers/media/rc/keymaps/rc-avermedia.o
  CC [M]  drivers/media/dvb-frontends/cx24123.o
  CC      drivers/media/v4l2-core/v4l2-subdev.o
  AR      drivers/mtd/devices/built-in.a
  CC [M]  drivers/media/tuners/mxl301rf.o
  CC      drivers/mtd/nand/core.o
  CC      drivers/media/rc/keymaps/rc-avermedia-rm-ks.o
  CC      drivers/media/cec/core/cec-api.o
  CC      drivers/media/cec/core/cec-notifier.o
  CC      drivers/media/rc/keymaps/rc-avertv-303.o
  CC      drivers/mtd/nand/bbt.o
  CC [M]  drivers/media/tuners/mxl5005s.o
  CC [M]  drivers/media/dvb-frontends/cxd2099.o
  CC      drivers/media/rc/keymaps/rc-azurewave-ad-tu700.o
  CC      drivers/media/common/videobuf2/frame_vector.o
  CC      drivers/media/v4l2-core/v4l2-common.o
  CC      drivers/mtd/nand/ecc.o
  CC      drivers/media/v4l2-core/v4l2-ctrls-core.o
  CC      drivers/media/rc/keymaps/rc-beelink-gs1.o
  AR      drivers/media/cec/core/built-in.a
  AR      drivers/media/cec/i2c/built-in.a
  AR      drivers/media/cec/platform/meson/built-in.a
  AR      drivers/media/cec/platform/built-in.a
  CC [M]  drivers/media/dvb-frontends/cxd2820r_core.o
  AR      drivers/media/cec/usb/built-in.a
  AR      drivers/media/cec/built-in.a
  CC [M]  drivers/media/dvb-frontends/cxd2820r_c.o
  CC      drivers/media/common/videobuf2/videobuf2-dma-contig.o
  CC      drivers/media/rc/keymaps/rc-behold-columbus.o
  CC      drivers/mtd/nand/ecc-sw-hamming.o
  CC      drivers/media/rc/keymaps/rc-behold.o
  CC      drivers/media/rc/keymaps/rc-budget-ci-old.o
  CC [M]  drivers/media/tuners/mxl5007t.o
  AR      drivers/mtd/nand/onenand/built-in.a
  CC      drivers/mtd/nand/raw/nand_base.o
  AR      drivers/mtd/nand/spi/built-in.a
  CC      drivers/media/rc/keymaps/rc-cinergy-1400.o
  AR      drivers/mtd/tests/built-in.a
  CC      drivers/mtd/nand/raw/nand_legacy.o
  CC      drivers/media/common/videobuf2/videobuf2-dma-sg.o
  CC [M]  drivers/media/dvb-frontends/cxd2820r_t.o
  CC      drivers/media/v4l2-core/v4l2-ctrls-api.o
  CC      drivers/media/rc/keymaps/rc-cinergy.o
  CC [M]  drivers/media/tuners/qm1d1b0004.o
  CC      drivers/media/rc/keymaps/rc-ct-90405.o
  CC [M]  drivers/media/dvb-frontends/cxd2820r_t2.o
  CC      drivers/media/rc/keymaps/rc-d680-dmb.o
  CC      drivers/media/common/videobuf2/videobuf2-memops.o
  AR      drivers/media/platform/allegro-dvt/built-in.a
  AR      drivers/media/platform/amlogic/meson-ge2d/built-in.a
  AR      drivers/media/platform/amlogic/built-in.a
  AR      drivers/media/platform/amphion/built-in.a
  AR      drivers/media/platform/aspeed/built-in.a
  AR      drivers/media/platform/atmel/built-in.a
  AR      drivers/media/platform/cadence/built-in.a
  AR      drivers/media/platform/chips-media/built-in.a
  CC [M]  drivers/media/platform/chips-media/coda-common.o
  CC [M]  drivers/media/platform/chips-media/coda-bit.o
  CC      drivers/media/rc/keymaps/rc-delock-61959.o
  CC [M]  drivers/media/tuners/qm1d1c0042.o
  CC      drivers/media/v4l2-core/v4l2-ctrls-request.o
  CC [M]  drivers/media/dvb-frontends/cxd2841er.o
  CC      drivers/media/rc/keymaps/rc-dib0700-nec.o
  CC      drivers/media/common/videobuf2/videobuf2-v4l2.o
  CC [M]  drivers/media/tuners/qt1010.o
  CC      drivers/media/rc/keymaps/rc-dib0700-rc5.o
  CC      drivers/media/v4l2-core/v4l2-ctrls-defs.o
  CC      drivers/media/rc/keymaps/rc-digitalnow-tinytwin.o
  CC      drivers/mtd/nand/raw/nand_bbt.o
  AR      drivers/media/platform/intel/built-in.a
  CC      drivers/media/rc/keymaps/rc-digittrade.o
  CC      drivers/mtd/nand/raw/nand_timings.o
  CC [M]  drivers/media/platform/chips-media/coda-gdi.o
  CC [M]  drivers/media/tuners/r820t.o
  CC      drivers/media/common/videobuf2/videobuf2-vmalloc.o
  CC      drivers/media/rc/keymaps/rc-dm1105-nec.o
  CC [M]  drivers/media/dvb-frontends/dib3000mb.o
  CC      drivers/media/v4l2-core/v4l2-mc.o
  CC [M]  drivers/media/tuners/si2157.o
  CC      drivers/mtd/nand/raw/nand_ids.o
  CC      drivers/media/rc/keymaps/rc-dntv-live-dvb-t.o
  CC [M]  drivers/media/platform/chips-media/coda-h264.o
  CC      drivers/mtd/nand/raw/nand_onfi.o
  CC      drivers/media/common/videobuf2/vb2-trace.o
  CC      drivers/media/rc/keymaps/rc-dntv-live-dvbt-pro.o
  CC      drivers/media/rc/keymaps/rc-dtt200u.o
  CC      drivers/mtd/nand/raw/nand_jedec.o
  CC [M]  drivers/media/platform/chips-media/coda-mpeg2.o
  CC      drivers/media/v4l2-core/v4l2-spi.o
  CC [M]  drivers/media/tuners/tda18212.o
  CC [M]  drivers/media/tuners/tda18218.o
  CC      drivers/media/rc/keymaps/rc-dvbsky.o
  CC [M]  drivers/media/dvb-frontends/dib3000mc.o
  CC      drivers/mtd/nand/raw/nand_amd.o
  AR      drivers/media/common/videobuf2/built-in.a
  AR      drivers/media/common/built-in.a
  CC      drivers/mtd/nand/raw/nand_esmt.o
  CC      drivers/media/rc/keymaps/rc-dvico-mce.o
  CC [M]  drivers/media/platform/chips-media/coda-mpeg4.o
  CC [M]  drivers/media/tuners/tda18250.o
  CC      drivers/mtd/nand/raw/nand_hynix.o
  CC [M]  drivers/media/tuners/tea5761.o
  CC      drivers/media/v4l2-core/v4l2-trace.o
  CC      drivers/media/rc/keymaps/rc-dvico-portable.o
  CC [M]  drivers/media/dvb-frontends/dibx000_common.o
  CC [M]  drivers/media/platform/chips-media/coda-jpeg.o
  CC      drivers/mtd/nand/raw/nand_macronix.o
  CC      drivers/mtd/nand/raw/nand_micron.o
  CC      drivers/media/rc/keymaps/rc-em-terratec.o
  CC      drivers/media/v4l2-core/v4l2-i2c.o
  CC [M]  drivers/media/tuners/tea5767.o
  CC      drivers/mtd/nand/raw/nand_samsung.o
  CC      drivers/media/rc/keymaps/rc-encore-enltv2.o
  CC      drivers/mtd/spi-nor/core.o
  CC      drivers/mtd/ubi/vtbl.o
  CC [M]  drivers/media/dvb-frontends/dib7000m.o
  CC      drivers/mtd/nand/raw/nand_toshiba.o
  CC      drivers/media/rc/keymaps/rc-encore-enltv-fm53.o
  CC [M]  drivers/media/platform/chips-media/imx-vdoa.o
  AR      drivers/media/v4l2-core/built-in.a
  CC      drivers/media/rc/keymaps/rc-encore-enltv.o
  AR      drivers/mtd/nand/raw/ingenic/built-in.a
  CC      drivers/mtd/nand/raw/gpmi-nand/gpmi-nand.o
  LD [M]  drivers/media/platform/chips-media/coda-vpu.o
  CC      drivers/media/rc/keymaps/rc-evga-indtube.o
  CC [M]  drivers/media/tuners/tua9001.o
  CC      drivers/mtd/ubi/vmt.o
  CC      drivers/mtd/ubi/upd.o
  CC      drivers/media/rc/keymaps/rc-eztv.o
  AR      drivers/media/platform/marvell/built-in.a
  AR      drivers/media/platform/mediatek/jpeg/built-in.a
  AR      drivers/media/platform/mediatek/mdp/built-in.a
  AR      drivers/media/platform/mediatek/vcodec/built-in.a
  AR      drivers/media/platform/mediatek/vpu/built-in.a
  AR      drivers/media/platform/mediatek/mdp3/built-in.a
  AR      drivers/media/platform/mediatek/built-in.a
  AR      drivers/media/platform/nvidia/tegra-vde/built-in.a
  AR      drivers/media/platform/nvidia/built-in.a
  AR      drivers/media/platform/nxp/dw100/built-in.a
  AR      drivers/media/platform/nxp/imx-jpeg/built-in.a
  CC      drivers/media/platform/nxp/imx-pxp.o
  CC [M]  drivers/media/dvb-frontends/dib7000p.o
  CC      drivers/media/rc/keymaps/rc-flydvb.o
  CC      drivers/mtd/ubi/build.o
  LD [M]  drivers/media/tuners/tda18271.o
  CC      drivers/mtd/ubi/cdev.o
  CC      drivers/mux/core.o
  CC      drivers/mtd/spi-nor/sfdp.o
  AR      drivers/mtd/nand/raw/gpmi-nand/built-in.a
  CC      drivers/mtd/nand/raw/mxc_nand.o
  CC      drivers/media/rc/keymaps/rc-flyvideo.o
  AR      drivers/media/platform/nxp/built-in.a
  CC      drivers/mux/mmio.o
  CC      drivers/media/rc/keymaps/rc-fusionhdtv-mce.o
  AR      drivers/media/platform/qcom/camss/built-in.a
  AR      drivers/media/platform/qcom/venus/built-in.a
  AR      drivers/media/platform/qcom/built-in.a
  AR      drivers/media/platform/renesas/rcar-vin/built-in.a
  CC      drivers/media/rc/rc-main.o
  AR      drivers/media/platform/renesas/vsp1/built-in.a
  AR      drivers/media/platform/renesas/built-in.a
  CC      drivers/mtd/ubi/kapi.o
  AR      drivers/media/platform/rockchip/rga/built-in.a
  AR      drivers/media/platform/rockchip/rkisp1/built-in.a
  AR      drivers/media/platform/rockchip/built-in.a
  CC      drivers/mtd/spi-nor/swp.o
  AR      drivers/media/platform/samsung/exynos-gsc/built-in.a
  AR      drivers/media/platform/samsung/exynos4-is/built-in.a
  AR      drivers/media/platform/samsung/s3c-camif/built-in.a
  AR      drivers/media/platform/samsung/s5p-g2d/built-in.a
  AR      drivers/media/platform/samsung/s5p-jpeg/built-in.a
  AR      drivers/media/platform/samsung/s5p-mfc/built-in.a
  AR      drivers/media/platform/samsung/built-in.a
  AR      drivers/media/platform/st/sti/bdisp/built-in.a
  AR      drivers/media/platform/st/sti/c8sectpfe/built-in.a
  AR      drivers/media/platform/st/sti/delta/built-in.a
  AR      drivers/media/platform/st/sti/hva/built-in.a
  AR      drivers/media/platform/st/stm32/built-in.a
  AR      drivers/media/platform/st/built-in.a
  AR      drivers/media/platform/sunxi/sun4i-csi/built-in.a
  CC      drivers/mtd/nand/raw/vf610_nfc.o
  AR      drivers/media/platform/sunxi/sun6i-csi/built-in.a
  AR      drivers/media/platform/sunxi/sun6i-mipi-csi2/built-in.a
  AR      drivers/media/platform/sunxi/sun8i-a83t-mipi-csi2/built-in.a
  AR      drivers/media/platform/sunxi/sun8i-di/built-in.a
  AR      drivers/media/platform/sunxi/sun8i-rotate/built-in.a
  AR      drivers/media/platform/sunxi/built-in.a
  AR      drivers/mux/built-in.a
  CC      drivers/mtd/spi-nor/otp.o
  AR      drivers/media/platform/ti/am437x/built-in.a
  CC      drivers/media/rc/keymaps/rc-gadmei-rm008z.o
  AR      drivers/media/platform/ti/cal/built-in.a
  AR      drivers/media/platform/ti/vpe/built-in.a
  AR      drivers/media/platform/ti/davinci/built-in.a
  AR      drivers/media/platform/ti/omap/built-in.a
  AR      drivers/media/platform/ti/omap3isp/built-in.a
  AR      drivers/media/platform/ti/built-in.a
  AR      drivers/media/platform/verisilicon/built-in.a
  AR      drivers/media/platform/via/built-in.a
  AR      drivers/media/platform/xilinx/built-in.a
  CC      drivers/media/platform/video-mux.o
  CC [M]  drivers/media/dvb-frontends/dib8000.o
  CC [M]  drivers/media/dvb-frontends/dib9000.o
  CC      drivers/media/rc/keymaps/rc-geekbox.o
  CC      drivers/mtd/ubi/eba.o
  AR      drivers/mtd/nand/raw/built-in.a
  AR      drivers/mtd/nand/built-in.a
  CC      drivers/media/rc/keymaps/rc-genius-tvgo-a11mce.o
  CC      drivers/mtd/spi-nor/sysfs.o
  CC      drivers/media/rc/keymaps/rc-gotview7135.o
  AR      drivers/media/pci/b2c2/built-in.a
  AR      drivers/media/pci/pluto2/built-in.a
  AR      drivers/media/pci/dm1105/built-in.a
  AR      drivers/media/pci/pt1/built-in.a
  AR      drivers/media/platform/built-in.a
  AR      drivers/media/pci/pt3/built-in.a
  CC      drivers/mtd/ubi/io.o
  AR      drivers/media/pci/mantis/built-in.a
  AR      drivers/media/pci/ngene/built-in.a
  AR      drivers/media/pci/ddbridge/built-in.a
  AR      drivers/media/pci/smipcie/built-in.a
  AR      drivers/media/pci/netup_unidvb/built-in.a
  AR      drivers/media/pci/intel/ipu3/built-in.a
  AR      drivers/media/pci/intel/built-in.a
  CC      drivers/media/rc/rc-ir-raw.o
  AR      drivers/media/pci/built-in.a
  CC      drivers/media/rc/gpio-ir-recv.o
  CC      drivers/mtd/spi-nor/atmel.o
  CC      drivers/media/rc/keymaps/rc-hauppauge.o
  CC      drivers/mtd/spi-nor/catalyst.o
  CC      drivers/media/rc/keymaps/rc-hisi-poplar.o
  CC      drivers/mtd/spi-nor/eon.o
  CC      drivers/media/rc/keymaps/rc-hisi-tv-demo.o
  CC      drivers/mtd/ubi/wl.o
  CC      drivers/mtd/ubi/attach.o
  CC      drivers/net/mii.o
  CC      drivers/net/loopback.o
  CC      drivers/media/rc/keymaps/rc-imon-mce.o
  CC      drivers/mtd/spi-nor/esmt.o
  CC      drivers/mtd/spi-nor/everspin.o
  CC      drivers/media/rc/keymaps/rc-imon-pad.o
  CC      drivers/mtd/spi-nor/fujitsu.o
  CC      drivers/net/phy/mdio-boardinfo.o
  CC      drivers/mtd/spi-nor/gigadevice.o
  CC      drivers/media/rc/keymaps/rc-imon-rsc.o
  CC      drivers/mtd/ubi/misc.o
  CC [M]  drivers/media/dvb-frontends/drxd_firm.o
  CC [M]  drivers/media/dvb-frontends/drxd_hard.o
  CC      drivers/media/rc/keymaps/rc-iodata-bctv7e.o
  CC      drivers/media/rc/keymaps/rc-it913x-v1.o
  AR      drivers/net/pse-pd/built-in.a
  CC      drivers/mtd/spi-nor/intel.o
  AR      drivers/media/usb/b2c2/built-in.a
  AR      drivers/media/usb/dvb-usb/built-in.a
  AR      drivers/media/usb/dvb-usb-v2/built-in.a
  AR      drivers/media/usb/s2255/built-in.a
  AR      drivers/media/usb/siano/built-in.a
  AR      drivers/media/usb/ttusb-budget/built-in.a
  AR      drivers/media/usb/ttusb-dec/built-in.a
  CC [M]  drivers/media/usb/uvc/uvc_driver.o
  CC      drivers/net/mdio/fwnode_mdio.o
  CC      drivers/mtd/ubi/debug.o
  CC [M]  drivers/media/usb/uvc/uvc_queue.o
  CC      drivers/media/rc/keymaps/rc-it913x-v2.o
  CC      drivers/net/phy/mdio_devres.o
  CC      drivers/mtd/spi-nor/issi.o
  CC      drivers/media/rc/keymaps/rc-kaiomy.o
  CC      drivers/mtd/ubi/fastmap.o
  CC      drivers/mtd/spi-nor/macronix.o
  CC      drivers/net/mdio/of_mdio.o
  CC      drivers/media/rc/keymaps/rc-khadas.o
  AR      drivers/nfc/built-in.a
  CC [M]  drivers/media/dvb-frontends/drxk_hard.o
  CC      drivers/net/phy/phylink.o
  AR      drivers/nvme/host/built-in.a
  AR      drivers/nvme/target/built-in.a
  AR      drivers/nvme/built-in.a
  CC [M]  drivers/media/dvb-frontends/ds3000.o
  CC      drivers/media/rc/keymaps/rc-khamsin.o
  CC      drivers/mtd/spi-nor/micron-st.o
  CC [M]  drivers/media/usb/uvc/uvc_v4l2.o
  CC      drivers/media/rc/keymaps/rc-kworld-315u.o
  CC      drivers/mtd/ubi/block.o
  CC      drivers/mtd/spi-nor/spansion.o
  CC      drivers/media/rc/keymaps/rc-kworld-pc150u.o
  AR      drivers/net/mdio/built-in.a
  CC      drivers/media/rc/keymaps/rc-kworld-plus-tv-analog.o
  CC      drivers/media/rc/keymaps/rc-leadtek-y04g0051.o
  CC [M]  drivers/media/usb/uvc/uvc_video.o
  CC      drivers/nvmem/core.o
  AR      drivers/mtd/ubi/built-in.a
  CC      drivers/nvmem/imx-ocotp.o
  CC      drivers/nvmem/snvs_lpgpr.o
  CC      drivers/mtd/spi-nor/sst.o
  CC      drivers/media/rc/keymaps/rc-lme2510.o
  CC      drivers/net/phy/phy.o
  CC      drivers/media/rc/keymaps/rc-manli.o
  CC [M]  drivers/media/dvb-frontends/ec100.o
  CC [M]  drivers/media/dvb-frontends/helene.o
  CC      drivers/mtd/spi-nor/winbond.o
  CC      drivers/media/rc/keymaps/rc-mecool-kiii-pro.o
  CC      drivers/nvmem/vf610-ocotp.o
  CC      drivers/mtd/spi-nor/xilinx.o
  CC [M]  drivers/media/usb/uvc/uvc_ctrl.o
  CC      drivers/media/rc/keymaps/rc-mecool-kii-pro.o
  CC [M]  drivers/media/usb/uvc/uvc_status.o
  AR      drivers/nvmem/built-in.a
  CC [M]  drivers/media/dvb-frontends/horus3a.o
  CC      drivers/media/rc/keymaps/rc-medion-x10-digitainer.o
  CC      drivers/media/rc/keymaps/rc-medion-x10.o
  CC      drivers/net/phy/phy-c45.o
  CC      drivers/mtd/spi-nor/xmc.o
  AR      drivers/media/mmc/siano/built-in.a
  AR      drivers/media/mmc/built-in.a
  CC      drivers/media/rc/keymaps/rc-medion-x10-or2x.o
  AR      drivers/media/firewire/built-in.a
  CC      drivers/net/phy/phy-core.o
  CC      drivers/net/phy/phy_device.o
  CC [M]  drivers/media/dvb-frontends/isl6405.o
  CC      drivers/mtd/spi-nor/debugfs.o
  CC      drivers/media/rc/keymaps/rc-minix-neo.o
  CC      drivers/net/phy/linkmode.o
  CC [M]  drivers/media/usb/uvc/uvc_isight.o
  CC      drivers/media/rc/keymaps/rc-msi-digivox-iii.o
  AR      drivers/net/pcs/built-in.a
  CC      drivers/net/phy/mdio_bus.o
  AR      drivers/mtd/spi-nor/controllers/built-in.a
  AR      drivers/mtd/spi-nor/built-in.a
  AR      drivers/mtd/built-in.a
  CC [M]  drivers/media/dvb-frontends/isl6421.o
  CC      drivers/net/can/dev/skb.o
  CC      drivers/media/rc/keymaps/rc-msi-digivox-ii.o
  CC      drivers/net/can/dev/calc_bittiming.o
  AR      drivers/net/can/rcar/built-in.a
  CC      drivers/net/can/dev/bittiming.o
  CC [M]  drivers/media/usb/uvc/uvc_debugfs.o
  CC      drivers/media/rc/keymaps/rc-msi-tvanywhere.o
  CC [M]  drivers/media/usb/uvc/uvc_metadata.o
  CC [M]  drivers/media/dvb-frontends/isl6423.o
  CC      drivers/net/phy/mdio_device.o
  CC      drivers/opp/core.o
  CC      drivers/of/base.o
  CC      drivers/media/rc/keymaps/rc-msi-tvanywhere-plus.o
  CC      drivers/media/rc/keymaps/rc-nebula.o
  CC      drivers/net/can/dev/dev.o
  CC      drivers/net/can/dev/length.o
  CC      drivers/media/rc/keymaps/rc-nec-terratec-cinergy-xs.o
  CC [M]  drivers/media/usb/uvc/uvc_entity.o
  CC [M]  drivers/media/dvb-frontends/ix2505v.o
  CC      drivers/media/rc/keymaps/rc-norwood.o
  CC      drivers/net/phy/swphy.o
  CC      drivers/of/device.o
  LD [M]  drivers/media/usb/uvc/uvcvideo.o
  AR      drivers/media/usb/built-in.a
  CC      drivers/media/rc/keymaps/rc-npgtech.o
  CC      drivers/net/phy/at803x.o
  CC      drivers/net/phy/ax88796b.o
  CC      drivers/net/can/dev/netlink.o
  CC      drivers/opp/cpu.o
  CC      drivers/media/rc/keymaps/rc-odroid.o
  CC [M]  drivers/media/dvb-frontends/l64781.o
  CC      drivers/opp/of.o
  CC      drivers/of/platform.o
  CC      drivers/of/property.o
  CC      drivers/media/rc/keymaps/rc-pctv-sedna.o
  CC      drivers/of/kobj.o
  CC      drivers/net/can/dev/rx-offload.o
  CC      drivers/media/rc/keymaps/rc-pine64.o
  CC      drivers/net/phy/fixed_phy.o
  CC      drivers/media/rc/keymaps/rc-pinnacle-color.o
  CC      drivers/opp/debugfs.o
  AR      drivers/media/spi/built-in.a
  CC [M]  drivers/media/spi/cxd2880-spi.o
  CC [M]  drivers/media/dvb-frontends/lg2160.o
  CC      drivers/media/rc/keymaps/rc-pinnacle-grey.o
  AR      drivers/media/test-drivers/built-in.a
  CC      drivers/of/fdt.o
  AR      drivers/media/radio/built-in.a
  CC      drivers/of/fdt_address.o
  AR      drivers/opp/built-in.a
  CC      drivers/media/rc/keymaps/rc-pinnacle-pctv-hd.o
  CC      drivers/pci/access.o
  CC      drivers/perf/arm_pmu.o
  CC      drivers/net/phy/micrel.o
  AR      drivers/net/can/dev/built-in.a
  AR      drivers/net/can/spi/mcp251xfd/built-in.a
  CC      drivers/media/rc/keymaps/rc-pixelview-002t.o
  AR      drivers/net/can/spi/built-in.a
  CC      drivers/perf/arm_pmu_platform.o
  AR      drivers/net/can/usb/built-in.a
  AR      drivers/net/can/softing/built-in.a
  CC      drivers/net/can/flexcan/flexcan-core.o
  CC      drivers/media/rc/keymaps/rc-pixelview-mk12.o
  CC [M]  drivers/media/dvb-frontends/lgdt3305.o
  CC      drivers/of/address.o
  CC      drivers/pci/bus.o
  AR      drivers/perf/built-in.a
  CC      drivers/pci/probe.o
  CC      drivers/net/phy/microchip.o
  CC      drivers/media/rc/keymaps/rc-pixelview-new.o
  CC      drivers/of/irq.o
  CC      drivers/media/rc/keymaps/rc-pixelview.o
  CC      drivers/net/can/flexcan/flexcan-ethtool.o
  CC      drivers/of/of_reserved_mem.o
  CC      drivers/net/phy/smsc.o
  CC [M]  drivers/media/dvb-frontends/lgdt3306a.o
  CC      drivers/pci/host-bridge.o
  CC      drivers/media/rc/keymaps/rc-powercolor-real-angel.o
  CC      drivers/media/rc/keymaps/rc-proteus-2309.o
  AR      drivers/net/ethernet/3com/built-in.a
  AR      drivers/net/ethernet/adaptec/built-in.a
  CC      drivers/pci/remove.o
  AR      drivers/net/ethernet/adi/built-in.a
  AR      drivers/net/ethernet/agere/built-in.a
  AR      drivers/net/ethernet/alacritech/built-in.a
  AR      drivers/net/ethernet/alteon/built-in.a
  AR      drivers/net/can/flexcan/built-in.a
  AR      drivers/net/ethernet/amazon/built-in.a
  AR      drivers/net/ethernet/amd/built-in.a
  AR      drivers/net/can/built-in.a
  AR      drivers/net/ethernet/aquantia/built-in.a
  AR      drivers/net/ethernet/arc/built-in.a
  CC      drivers/media/rc/keymaps/rc-purpletv.o
  AR      drivers/net/phy/built-in.a
  AR      drivers/net/ethernet/asix/built-in.a
  AR      drivers/net/ethernet/atheros/built-in.a
  AR      drivers/net/ethernet/cadence/built-in.a
  CC [M]  drivers/media/dvb-frontends/lgdt330x.o
  AR      drivers/of/built-in.a
  AR      drivers/net/ethernet/brocade/built-in.a
  AR      drivers/net/ethernet/chelsio/built-in.a
  AR      drivers/net/ethernet/cavium/common/built-in.a
  CC      drivers/pci/pci.o
  AR      drivers/net/ethernet/cavium/thunder/built-in.a
  CC      drivers/net/ethernet/cirrus/cs89x0.o
  AR      drivers/net/ethernet/cavium/liquidio/built-in.a
  AR      drivers/net/ethernet/cavium/octeon/built-in.a
  AR      drivers/net/ethernet/cavium/built-in.a
  CC      drivers/pci/pci-driver.o
  CC      drivers/pinctrl/core.o
  CC      drivers/media/rc/keymaps/rc-pv951.o
  CC [M]  drivers/media/dvb-frontends/lgs8gl5.o
  AR      drivers/platform/built-in.a
  CC      drivers/media/rc/keymaps/rc-rc6-mce.o
  CC      drivers/pci/search.o
  AR      drivers/net/ethernet/cirrus/built-in.a
  AR      drivers/net/ethernet/cisco/built-in.a
  AR      drivers/net/ethernet/cortina/built-in.a
  AR      drivers/net/ethernet/dec/built-in.a
  AR      drivers/net/ethernet/dlink/built-in.a
  AR      drivers/net/ethernet/emulex/built-in.a
  AR      drivers/net/ethernet/engleder/built-in.a
  AR      drivers/net/ethernet/ezchip/built-in.a
  CC      drivers/net/ethernet/freescale/fec_main.o
  CC      drivers/pci/pci-sysfs.o
  CC      drivers/media/rc/keymaps/rc-real-audio-220-32-keys.o
  CC      drivers/pinctrl/pinctrl-utils.o
  CC [M]  drivers/media/dvb-frontends/lgs8gxx.o
  CC      drivers/media/rc/keymaps/rc-reddo.o
  CC      drivers/media/rc/keymaps/rc-snapstream-firefly.o
  CC      drivers/media/rc/keymaps/rc-streamzap.o
  CC      drivers/pinctrl/pinmux.o
  CC      drivers/pinctrl/pinconf.o
  CC      drivers/pinctrl/pinconf-generic.o
  CC      drivers/media/rc/keymaps/rc-su3000.o
  CC [M]  drivers/media/dvb-frontends/lnbh25.o
  CC      drivers/media/rc/keymaps/rc-tanix-tx3mini.o
  CC [M]  drivers/media/dvb-frontends/lnbh29.o
  CC      drivers/media/rc/keymaps/rc-tanix-tx5max.o
  CC      drivers/pci/rom.o
  CC      drivers/pinctrl/devicetree.o
  AR      drivers/net/wireless/admtek/built-in.a
  AR      drivers/net/wireless/ath/built-in.a
  CC [M]  drivers/net/wireless/ath/main.o
  AR      drivers/net/wireless/atmel/built-in.a
  CC      drivers/power/reset/syscon-reboot.o
  CC      drivers/media/rc/keymaps/rc-tbs-nec.o
  CC      drivers/power/supply/power_supply_core.o
  CC      drivers/net/ethernet/freescale/fec_ptp.o
  CC      drivers/power/reset/syscon-poweroff.o
  AR      drivers/pinctrl/actions/built-in.a
  AR      drivers/pinctrl/bcm/built-in.a
  CC [M]  drivers/media/dvb-frontends/lnbp21.o
  AR      drivers/pinctrl/cirrus/built-in.a
  CC      drivers/media/rc/keymaps/rc-technisat-ts35.o
  CC      drivers/pinctrl/freescale/pinctrl-imx.o
  CC      drivers/pci/setup-res.o
  AR      drivers/power/reset/built-in.a
  CC      drivers/power/supply/power_supply_sysfs.o
  CC      drivers/media/rc/keymaps/rc-technisat-usb2.o
  CC [M]  drivers/net/wireless/ath/regd.o
  CC [M]  drivers/net/wireless/ath/hw.o
  AR      drivers/net/ethernet/freescale/enetc/built-in.a
  AR      drivers/net/ethernet/freescale/built-in.a
  CC      drivers/media/rc/keymaps/rc-terratec-cinergy-c-pci.o
  AR      drivers/net/ethernet/fungible/built-in.a
  AR      drivers/net/ethernet/google/built-in.a
  AR      drivers/net/ethernet/hisilicon/built-in.a
  AR      drivers/net/ethernet/huawei/built-in.a
  AR      drivers/net/ethernet/microsoft/built-in.a
  CC      drivers/pci/irq.o
  AR      drivers/net/ethernet/litex/built-in.a
  AR      drivers/net/ethernet/mellanox/built-in.a
  AR      drivers/net/ethernet/mscc/built-in.a
  AR      drivers/net/ethernet/myricom/built-in.a
  AR      drivers/net/ethernet/neterion/built-in.a
  CC [M]  drivers/media/dvb-frontends/lnbp22.o
  CC      drivers/pinctrl/freescale/pinctrl-imx8mm.o
  AR      drivers/net/ethernet/netronome/built-in.a
  AR      drivers/net/ethernet/ni/built-in.a
  CC      drivers/power/supply/power_supply_leds.o
  AR      drivers/net/ethernet/nvidia/built-in.a
  AR      drivers/net/ethernet/oki-semi/built-in.a
  AR      drivers/net/ethernet/packetengines/built-in.a
  AR      drivers/net/ethernet/qlogic/built-in.a
  AR      drivers/net/ethernet/qualcomm/emac/built-in.a
  AR      drivers/net/ethernet/qualcomm/built-in.a
  AR      drivers/net/ethernet/realtek/built-in.a
  AR      drivers/net/ethernet/renesas/built-in.a
  AR      drivers/net/ethernet/rdc/built-in.a
  AR      drivers/net/ethernet/rocker/built-in.a
  AR      drivers/net/ethernet/samsung/built-in.a
  AR      drivers/net/ethernet/silan/built-in.a
  AR      drivers/net/ethernet/sis/built-in.a
  AR      drivers/net/ethernet/sfc/built-in.a
  CC      drivers/net/ethernet/smsc/smc91x.o
  CC      drivers/media/rc/keymaps/rc-terratec-cinergy-s2-hd.o
  CC      drivers/power/supply/power_supply_hwmon.o
  CC      drivers/pinctrl/freescale/pinctrl-imx8mn.o
  CC [M]  drivers/media/dvb-frontends/m88ds3103.o
  CC      drivers/pci/vpd.o
  CC      drivers/media/rc/keymaps/rc-terratec-cinergy-xs.o
  CC [M]  drivers/net/wireless/ath/key.o
  CC [M]  drivers/power/supply/rn5t618_power.o
  CC      drivers/pinctrl/freescale/pinctrl-imx8mp.o
  CC      drivers/media/rc/keymaps/rc-terratec-slim-2.o
  CC      drivers/net/usb/r8152.o
  CC      drivers/pinctrl/freescale/pinctrl-imx8mq.o
  AR      drivers/power/supply/built-in.a
  CC      drivers/media/rc/keymaps/rc-terratec-slim.o
  AR      drivers/power/built-in.a
  CC      drivers/pci/setup-bus.o
  CC      drivers/pinctrl/freescale/pinctrl-imx35.o
  CC      drivers/media/rc/keymaps/rc-tevii-nec.o
  CC      drivers/pinctrl/freescale/pinctrl-imx50.o
  CC      drivers/media/rc/keymaps/rc-tivo.o
  CC [M]  drivers/media/dvb-frontends/m88rs2000.o
  CC      drivers/pci/vc.o
  CC      drivers/pinctrl/freescale/pinctrl-imx51.o
  CC [M]  drivers/net/wireless/ath/dfs_pattern_detector.o
  CC      drivers/media/rc/keymaps/rc-total-media-in-hand-02.o
  CC      drivers/net/ethernet/smsc/smsc911x.o
  CC      drivers/pinctrl/freescale/pinctrl-imx53.o
  CC      drivers/net/ethernet/smsc/smc911x.o
  CC      drivers/media/rc/keymaps/rc-total-media-in-hand.o
  CC      drivers/pci/mmap.o
  CC      drivers/pinctrl/freescale/pinctrl-imx6q.o
  CC [M]  drivers/media/dvb-frontends/mb86a16.o
  CC      drivers/media/rc/keymaps/rc-trekstor.o
  CC [M]  drivers/net/wireless/ath/dfs_pri_detector.o
  CC      drivers/pinctrl/freescale/pinctrl-imx6dl.o
  CC      drivers/pci/setup-irq.o
  CC      drivers/media/rc/keymaps/rc-tt-1500.o
  CC      drivers/pinctrl/freescale/pinctrl-imx6sl.o
  CC      drivers/pci/msi/pcidev_msi.o
  CC      drivers/pci/msi/msi.o
  CC      drivers/media/rc/keymaps/rc-twinhan1027.o
  CC [M]  drivers/net/wireless/ath/ath10k/mac.o
  CC      drivers/pinctrl/freescale/pinctrl-imx6sll.o
  CC      drivers/media/rc/keymaps/rc-twinhan-dtv-cab-ci.o
  CC [M]  drivers/media/dvb-frontends/mb86a20s.o
  CC      drivers/pinctrl/freescale/pinctrl-imx6sx.o
  CC      drivers/media/rc/keymaps/rc-vega-s9x.o
  CC [M]  drivers/net/wireless/ath/ath10k/debug.o
  CC      drivers/pci/msi/irqdomain.o
  CC      drivers/pinctrl/freescale/pinctrl-imx6ul.o
  CC      drivers/media/rc/keymaps/rc-videomate-m1f.o
  CC      drivers/net/usb/lan78xx.o
  CC      drivers/media/rc/keymaps/rc-videomate-s350.o
  CC      drivers/pinctrl/freescale/pinctrl-imx7d.o
  CC [M]  drivers/media/dvb-frontends/mn88443x.o
  AR      drivers/net/ethernet/smsc/built-in.a
  AR      drivers/net/ethernet/socionext/built-in.a
  AR      drivers/net/ethernet/sun/built-in.a
  AR      drivers/net/ethernet/tehuti/built-in.a
  AR      drivers/net/ethernet/ti/built-in.a
  CC      drivers/media/rc/keymaps/rc-videomate-tv-pvr.o
  AR      drivers/net/ethernet/vertexcom/built-in.a
  AR      drivers/net/ethernet/via/built-in.a
  CC      drivers/pinctrl/freescale/pinctrl-imx7ulp.o
  AR      drivers/pci/msi/built-in.a
  AR      drivers/net/ethernet/wangxun/built-in.a
  AR      drivers/net/ethernet/wiznet/built-in.a
  CC      drivers/pci/pcie/aspm.o
  AR      drivers/net/ethernet/xilinx/built-in.a
  AR      drivers/net/ethernet/synopsys/built-in.a
  AR      drivers/net/ethernet/pensando/built-in.a
  CC [M]  drivers/media/dvb-frontends/mn88472.o
  AR      drivers/net/ethernet/built-in.a
  CC [M]  drivers/net/wireless/ath/ath10k/core.o
  CC      drivers/media/rc/keymaps/rc-videostrong-kii-pro.o
  CC      drivers/pinctrl/freescale/pinctrl-vf610.o
  CC      drivers/media/rc/keymaps/rc-wetek-hub.o
  CC [M]  drivers/net/wireless/ath/ath10k/htc.o
  CC [M]  drivers/media/dvb-frontends/mn88473.o
  AR      drivers/pinctrl/freescale/built-in.a
  AR      drivers/pinctrl/mediatek/built-in.a
  AR      drivers/pinctrl/mvebu/built-in.a
  CC      drivers/media/rc/keymaps/rc-wetek-play2.o
  AR      drivers/pinctrl/nomadik/built-in.a
  AR      drivers/pinctrl/nuvoton/built-in.a
  AR      drivers/pinctrl/sprd/built-in.a
  AR      drivers/pinctrl/sunplus/built-in.a
  AR      drivers/pinctrl/ti/built-in.a
  AR      drivers/pinctrl/built-in.a
  CC [M]  drivers/media/dvb-frontends/mt312.o
  AR      drivers/pci/pcie/built-in.a
  CC      drivers/pci/proc.o
  CC      drivers/media/rc/keymaps/rc-winfast.o
  CC      drivers/net/usb/asix_devices.o
  CC      drivers/net/usb/asix_common.o
  CC      drivers/media/rc/keymaps/rc-winfast-usbii-deluxe.o
  CC      drivers/pci/slot.o
  CC [M]  drivers/media/dvb-frontends/mt352.o
  CC      drivers/pci/of.o
  CC      drivers/media/rc/keymaps/rc-x96max.o
  CC      drivers/media/rc/keymaps/rc-xbox-360.o
  CC [M]  drivers/net/wireless/ath/ath10k/htt.o
  CC [M]  drivers/net/wireless/ath/ath10k/htt_rx.o
  CC      drivers/net/usb/ax88172a.o
  CC      drivers/pps/pps.o
  CC      drivers/pps/kapi.o
  CC      drivers/media/rc/keymaps/rc-xbox-dvd.o
  CC      drivers/pci/quirks.o
  CC [M]  drivers/media/dvb-frontends/mxl5xx.o
  CC      drivers/media/rc/keymaps/rc-zx-irdec.o
  CC [M]  drivers/media/dvb-frontends/mxl692.o
  CC      drivers/pps/sysfs.o
  CC      drivers/net/usb/ax88179_178a.o
  AR      drivers/net/wireless/broadcom/built-in.a
  CC [M]  drivers/net/wireless/broadcom/brcm80211/brcmutil/utils.o
  AR      drivers/media/rc/keymaps/built-in.a
  AR      drivers/media/rc/built-in.a
  AR      drivers/net/wireless/cisco/built-in.a
  AR      drivers/pps/clients/built-in.a
  AR      drivers/pps/generators/built-in.a
  AR      drivers/pps/built-in.a
  CC [M]  drivers/net/wireless/broadcom/brcm80211/brcmutil/d11.o
  CC [M]  drivers/net/wireless/broadcom/brcm80211/brcmfmac/cfg80211.o
  CC      drivers/ptp/ptp_clock.o
  CC [M]  drivers/media/dvb-frontends/nxt200x.o
  CC      drivers/net/usb/cdc_ether.o
  CC      drivers/net/usb/smsc95xx.o
  LD [M]  drivers/net/wireless/broadcom/brcm80211/brcmutil/brcmutil.o
  CC      drivers/pci/syscall.o
  AR      drivers/net/wireless/intel/built-in.a
  CC      drivers/pci/vgaarb.o
  CC      drivers/ptp/ptp_chardev.o
  CC [M]  drivers/net/wireless/ath/ath10k/htt_tx.o
  CC      drivers/net/usb/net1080.o
  CC [M]  drivers/media/dvb-frontends/nxt6000.o
  CC [M]  drivers/net/wireless/ath/ath10k/txrx.o
  CC      drivers/pci/controller/dwc/pcie-designware.o
  CC      drivers/ptp/ptp_sysfs.o
  CC      drivers/ptp/ptp_vclock.o
  CC      drivers/net/usb/cdc_subset.o
  CC [M]  drivers/media/dvb-frontends/or51132.o
  CC [M]  drivers/media/dvb-frontends/or51211.o
  CC [M]  drivers/net/wireless/broadcom/brcm80211/brcmfmac/chip.o
  CC [M]  drivers/media/dvb-frontends/dvb-pll.o
  CC      drivers/pci/controller/dwc/pcie-designware-host.o
  CC      drivers/net/usb/zaurus.o
  CC      drivers/ptp/ptp_kvm_arm.o
  CC [M]  drivers/net/wireless/ath/ath10k/wmi.o
  CC      drivers/ptp/ptp_kvm_common.o
  CC      drivers/pci/controller/dwc/pci-imx6.o
  CC      drivers/pwm/core.o
  CC      drivers/net/usb/mcs7830.o
  CC [M]  drivers/net/wireless/broadcom/brcm80211/brcmfmac/fwil.o
  CC [M]  drivers/net/wireless/broadcom/brcm80211/brcmfmac/fweh.o
  CC [M]  drivers/media/dvb-frontends/rtl2830.o
  AR      drivers/ptp/built-in.a
  CC [M]  drivers/net/wireless/broadcom/brcm80211/brcmfmac/p2p.o
  CC      drivers/net/usb/usbnet.o
  AR      drivers/pci/controller/dwc/built-in.a
  AR      drivers/pci/controller/mobiveil/built-in.a
  AR      drivers/pci/controller/built-in.a
  AR      drivers/pci/switch/built-in.a
  AR      drivers/pci/built-in.a
  CC [M]  drivers/net/wireless/broadcom/brcm80211/brcmfmac/proto.o
  CC      drivers/net/usb/cdc_ncm.o
  CC      drivers/net/usb/r8153_ecm.o
  CC [M]  drivers/media/dvb-frontends/rtl2832.o
  CC      drivers/pwm/sysfs.o
  CC [M]  drivers/media/dvb-frontends/rtl2832_sdr.o
  CC      drivers/pwm/pwm-imx27.o
  CC      drivers/pwm/pwm-fsl-ftm.o
  CC [M]  drivers/net/wireless/broadcom/brcm80211/brcmfmac/common.o
  CC [M]  drivers/net/wireless/broadcom/brcm80211/brcmfmac/core.o
  CC [M]  drivers/net/usb/pegasus.o
  CC      drivers/pwm/pwm-imx-tpm.o
  CC [M]  drivers/net/wireless/broadcom/brcm80211/brcmfmac/firmware.o
  CC [M]  drivers/net/wireless/ath/ath10k/wmi-tlv.o
  CC [M]  drivers/net/wireless/ath/ath10k/bmi.o
  AR      drivers/pwm/built-in.a
  CC [M]  drivers/net/usb/rtl8150.o
  CC [M]  drivers/media/dvb-frontends/s5h1409.o
  CC [M]  drivers/media/dvb-frontends/s5h1411.o
  CC [M]  drivers/net/wireless/ath/ath10k/hw.o
  AR      drivers/net/wireless/intersil/built-in.a
  CC [M]  drivers/net/wireless/broadcom/brcm80211/brcmfmac/feature.o
  CC      drivers/regulator/core.o
  CC [M]  drivers/net/usb/cdc_eem.o
  CC [M]  drivers/net/wireless/broadcom/brcm80211/brcmfmac/btcoex.o
  CC [M]  drivers/net/wireless/broadcom/brcm80211/brcmfmac/vendor.o
  CC [M]  drivers/media/dvb-frontends/s5h1420.o
  CC [M]  drivers/media/dvb-frontends/s5h1432.o
  AR      drivers/net/wireless/marvell/built-in.a
  AR      drivers/net/usb/built-in.a
  CC [M]  drivers/media/dvb-frontends/s921.o
  CC [M]  drivers/net/wireless/marvell/mwifiex/main.o
  CC [M]  drivers/media/dvb-frontends/si2165.o
  CC [M]  drivers/net/wireless/broadcom/brcm80211/brcmfmac/pno.o
  CC [M]  drivers/net/wireless/ath/ath10k/p2p.o
  CC [M]  drivers/net/wireless/ath/ath10k/swap.o
  AR      drivers/net/wireless/mediatek/built-in.a
  CC [M]  drivers/net/wireless/marvell/mwifiex/init.o
  CC [M]  drivers/net/wireless/marvell/mwifiex/cfp.o
  CC [M]  drivers/media/dvb-frontends/si2168.o
  CC [M]  drivers/net/wireless/broadcom/brcm80211/brcmfmac/xtlv.o
  AR      drivers/net/wireless/microchip/built-in.a
  CC [M]  drivers/net/wireless/broadcom/brcm80211/brcmfmac/bcdc.o
  CC [M]  drivers/media/dvb-frontends/si21xx.o
  CC [M]  drivers/net/wireless/ath/ath10k/thermal.o
  CC [M]  drivers/net/wireless/marvell/mwifiex/cmdevt.o
  CC [M]  drivers/net/wireless/broadcom/brcm80211/brcmfmac/fwsignal.o
  CC [M]  drivers/net/wireless/broadcom/brcm80211/brcmfmac/sdio.o
  CC [M]  drivers/net/wireless/broadcom/brcm80211/brcmfmac/bcmsdh.o
  CC      drivers/regulator/dummy.o
  CC [M]  drivers/media/dvb-frontends/sp2.o
  CC [M]  drivers/net/wireless/ath/ath10k/wow.o
  CC [M]  drivers/net/wireless/ath/ath10k/coredump.o
  CC      drivers/regulator/fixed-helper.o
  CC [M]  drivers/media/dvb-frontends/sp887x.o
  CC      drivers/regulator/helpers.o
  CC      drivers/regulator/devres.o
  CC [M]  drivers/net/wireless/broadcom/brcm80211/brcmfmac/of.o
  CC [M]  drivers/media/dvb-frontends/stb0899_drv.o
  CC [M]  drivers/net/wireless/marvell/mwifiex/util.o
  CC [M]  drivers/media/dvb-frontends/stb0899_algo.o
  CC [M]  drivers/net/wireless/ath/ath10k/ce.o
  CC [M]  drivers/media/dvb-frontends/stb6000.o
  LD [M]  drivers/net/wireless/broadcom/brcm80211/brcmfmac/brcmfmac.o
  CC [M]  drivers/media/dvb-frontends/stb6100.o
  CC      drivers/regulator/irq_helpers.o
  CC [M]  drivers/media/dvb-frontends/stv0288.o
  CC      drivers/regulator/of_regulator.o
  CC [M]  drivers/net/wireless/marvell/mwifiex/txrx.o
  CC [M]  drivers/net/wireless/marvell/mwifiex/wmm.o
  CC      drivers/regulator/fixed.o
  CC [M]  drivers/net/wireless/marvell/mwifiex/11n.o
  CC [M]  drivers/media/dvb-frontends/stv0297.o
  CC [M]  drivers/net/wireless/ath/ath10k/sdio.o
  CC [M]  drivers/net/wireless/marvell/mwifiex/11ac.o
  CC [M]  drivers/net/wireless/marvell/mwifiex/11n_aggr.o
  CC      drivers/regulator/gpio-regulator.o
  CC      drivers/regulator/pfuze100-regulator.o
  CC [M]  drivers/media/dvb-frontends/stv0299.o
  LD [M]  drivers/net/wireless/ath/ath10k/ath10k_core.o
  AR      drivers/net/wireless/purelifi/built-in.a
  CC [M]  drivers/net/wireless/marvell/mwifiex/11n_rxreorder.o
  CC [M]  drivers/net/wireless/marvell/mwifiex/scan.o
  CC [M]  drivers/net/wireless/marvell/mwifiex/join.o
  CC      drivers/reset/core.o
  CC [M]  drivers/net/wireless/marvell/mwifiex/sta_ioctl.o
  CC      drivers/regulator/anatop-regulator.o
  LD [M]  drivers/net/wireless/ath/ath10k/ath10k_sdio.o
  LD [M]  drivers/net/wireless/ath/ath.o
  CC      drivers/regulator/da9052-regulator.o
  CC [M]  drivers/media/dvb-frontends/stv0367.o
  AR      drivers/reset/hisilicon/built-in.a
  CC      drivers/reset/reset-imx7.o
  CC      drivers/regulator/da9062-regulator.o
  CC      drivers/regulator/da9063-regulator.o
  CC      drivers/regulator/ltc3676.o
  AR      drivers/reset/built-in.a
  CC      drivers/regulator/mc13783-regulator.o
  CC      drivers/regulator/mc13892-regulator.o
  CC      drivers/rtc/lib.o
  CC      drivers/rtc/class.o
  CC      drivers/rtc/interface.o
  CC      drivers/scsi/scsi.o
  CC [M]  drivers/net/wireless/marvell/mwifiex/sta_cmd.o
  CC      drivers/rtc/nvmem.o
  CC      drivers/regulator/mc13xxx-regulator-core.o
  CC      drivers/regulator/rn5t618-regulator.o
  CC [M]  drivers/media/dvb-frontends/stv0900_core.o
  CC [M]  drivers/media/dvb-frontends/stv0900_sw.o
  CC [M]  drivers/net/wireless/marvell/mwifiex/uap_cmd.o
  CC      drivers/rtc/dev.o
  AR      drivers/regulator/built-in.a
  CC      drivers/scsi/hosts.o
  CC      drivers/scsi/scsi_ioctl.o
  CC [M]  drivers/net/wireless/marvell/mwifiex/ie.o
  CC      drivers/scsi/scsicam.o
  CC      drivers/rtc/proc.o
  CC      drivers/rtc/sysfs.o
  CC [M]  drivers/net/wireless/marvell/mwifiex/sta_cmdresp.o
  CC [M]  drivers/media/dvb-frontends/stv090x.o
  CC [M]  drivers/media/dvb-frontends/stv0910.o
  AR      drivers/net/wireless/quantenna/built-in.a
  CC [M]  drivers/media/dvb-frontends/stv6110.o
  CC      drivers/scsi/scsi_error.o
  CC      drivers/rtc/rtc-ds1307.o
  CC      drivers/rtc/rtc-m41t80.o
  AR      drivers/soc/apple/built-in.a
  AR      drivers/soc/aspeed/built-in.a
  AR      drivers/soc/bcm/bcm63xx/built-in.a
  AR      drivers/soc/bcm/built-in.a
  AR      drivers/soc/fsl/built-in.a
  AR      drivers/soc/fujitsu/built-in.a
  CC      drivers/soc/imx/gpcv2.o
  CC      drivers/soc/imx/soc-imx8m.o
  CC [M]  drivers/net/wireless/marvell/mwifiex/sta_event.o
  CC [M]  drivers/net/wireless/marvell/mwifiex/uap_event.o
  CC      drivers/rtc/rtc-snvs.o
  CC      drivers/rtc/rtc-da9063.o
  CC      drivers/soc/imx/imx8m-blk-ctrl.o
  CC      drivers/rtc/rtc-isl1208.o
  CC      drivers/scsi/scsi_lib.o
  CC      drivers/scsi/scsi_lib_dma.o
  CC      drivers/soc/imx/imx8mp-blk-ctrl.o
  CC      drivers/soc/imx/soc-imx.o
  CC [M]  drivers/media/dvb-frontends/stv6110x.o
  CC      drivers/rtc/rtc-mc13xxx.o
  CC [M]  drivers/net/wireless/marvell/mwifiex/sta_tx.o
  CC [M]  drivers/media/dvb-frontends/stv6111.o
  CC      drivers/soc/imx/gpc.o
  AR      drivers/net/wireless/ralink/built-in.a
  AR      drivers/soc/ixp4xx/built-in.a
  CC      drivers/rtc/rtc-mxc.o
  CC [M]  drivers/media/dvb-frontends/tc90522.o
  AR      drivers/soc/imx/built-in.a
  AR      drivers/soc/mediatek/built-in.a
  CC      drivers/scsi/scsi_scan.o
  AR      drivers/soc/microchip/built-in.a
  AR      drivers/soc/pxa/built-in.a
  AR      drivers/soc/amlogic/built-in.a
  AR      drivers/soc/qcom/built-in.a
  CC [M]  drivers/net/wireless/marvell/mwifiex/sta_rx.o
  AR      drivers/soc/renesas/built-in.a
  AR      drivers/soc/rockchip/built-in.a
  CC      drivers/rtc/rtc-mxc_v2.o
  AR      drivers/soc/sunxi/built-in.a
  AR      drivers/soc/ti/built-in.a
  CC [M]  drivers/media/dvb-frontends/tda10021.o
  AR      drivers/soc/xilinx/built-in.a
  AR      drivers/soc/built-in.a
  CC      drivers/scsi/scsi_sysfs.o
  CC      drivers/spi/spi.o
  CC      drivers/spi/spi-mem.o
  CC [M]  drivers/media/dvb-frontends/tda10023.o
  CC      drivers/rtc/rtc-pcf8523.o
  CC [M]  drivers/net/wireless/marvell/mwifiex/uap_txrx.o
  CC      drivers/scsi/scsi_devinfo.o
  CC      drivers/rtc/rtc-pcf8563.o
  CC [M]  drivers/media/dvb-frontends/tda10048.o
  CC      drivers/rtc/rtc-rc5t619.o
  CC      drivers/scsi/scsi_sysctl.o
  AR      drivers/net/wireless/realtek/built-in.a
  CC      drivers/spi/spi-fsl-dspi.o
  CC [M]  drivers/media/dvb-frontends/tda1004x.o
  CC [M]  drivers/net/wireless/marvell/mwifiex/cfg80211.o
  CC [M]  drivers/net/wireless/marvell/mwifiex/ethtool.o
  CC      drivers/rtc/rtc-rv3029c2.o
  CC      drivers/scsi/scsi_debugfs.o
  CC [M]  drivers/media/dvb-frontends/tda10071.o
  CC      drivers/spi/spi-fsl-qspi.o
  CC      drivers/scsi/scsi_trace.o
  AR      drivers/rtc/built-in.a
  CC [M]  drivers/media/dvb-frontends/tda10086.o
  CC [M]  drivers/media/dvb-frontends/tda18271c2dd.o
  CC [M]  drivers/media/dvb-frontends/tda665x.o
  CC [M]  drivers/media/dvb-frontends/tda8083.o
  CC      drivers/scsi/scsi_logging.o
  CC      drivers/spi/spi-imx.o
  CC      drivers/spi/spi-bitbang.o
  CC [M]  drivers/net/wireless/marvell/mwifiex/11h.o
  CC [M]  drivers/net/wireless/marvell/mwifiex/tdls.o
  CC [M]  drivers/net/wireless/marvell/mwifiex/debugfs.o
  CC      drivers/spi/spi-gpio.o
  CC [M]  drivers/media/dvb-frontends/tda8261.o
  CC [M]  drivers/media/dvb-frontends/tda826x.o
  CC      drivers/scsi/scsi_pm.o
  CC      drivers/scsi/scsi_common.o
  AR      drivers/scsi/arm/built-in.a
  AR      drivers/net/wireless/rsi/built-in.a
  CC [M]  drivers/media/dvb-frontends/ts2020.o
  AR      drivers/spi/built-in.a
  CC      drivers/staging/media/imx/imx-media-capture.o
  CC      drivers/staging/media/imx/imx-media-dev-common.o
  CC      drivers/staging/media/imx/imx-media-of.o
  CC      drivers/staging/media/imx/imx-media-utils.o
  CC [M]  drivers/media/dvb-frontends/tua6100.o
  CC [M]  drivers/net/wireless/marvell/mwifiex/sdio.o
  CC      drivers/scsi/sd.o
  CC      drivers/staging/media/imx/imx-media-dev.o
  CC [M]  drivers/media/dvb-frontends/cx24113.o
  CC [M]  drivers/media/dvb-frontends/dib0070.o
  CC      drivers/tee/tee_core.o
  AR      drivers/staging/iio/accel/built-in.a
  AR      drivers/staging/iio/adc/built-in.a
  AR      drivers/staging/iio/addac/built-in.a
  AR      drivers/staging/iio/frequency/built-in.a
  AR      drivers/staging/iio/impedance-analyzer/built-in.a
  AR      drivers/staging/iio/meter/built-in.a
  AR      drivers/staging/iio/resolver/built-in.a
  AR      drivers/staging/iio/built-in.a
  CC [M]  drivers/media/dvb-frontends/dib0090.o
  CC [M]  drivers/media/dvb-frontends/itd1000.o
  CC      drivers/staging/media/imx/imx-media-internal-sd.o
  CC [M]  drivers/net/wireless/marvell/mwifiex/pcie.o
  CC [M]  drivers/net/wireless/marvell/mwifiex/pcie_quirks.o
  AR      drivers/net/wireless/silabs/built-in.a
  CC      drivers/scsi/constants.o
  CC      drivers/tee/tee_shm.o
  CC      drivers/thermal/thermal_core.o
  CC      drivers/staging/media/imx/imx-ic-common.o
  CC      drivers/tee/tee_shm_pool.o
  CC [M]  drivers/media/dvb-frontends/ves1820.o
  CC      drivers/staging/media/imx/imx-ic-prp.o
  CC      drivers/staging/media/imx/imx-ic-prpencvf.o
  CC [M]  drivers/media/dvb-frontends/ves1x93.o
  AR      drivers/scsi/built-in.a
  CC      drivers/tee/optee/core.o
  CC      drivers/tee/optee/call.o
  LD [M]  drivers/net/wireless/marvell/mwifiex/mwifiex.o
  LD [M]  drivers/net/wireless/marvell/mwifiex/mwifiex_sdio.o
  LD [M]  drivers/net/wireless/marvell/mwifiex/mwifiex_pcie.o
  AR      drivers/net/wireless/st/built-in.a
  AR      drivers/net/wireless/ti/built-in.a
  CC [M]  drivers/net/wireless/ti/wlcore/main.o
  AR      drivers/net/wireless/zydas/built-in.a
  CC [M]  drivers/net/wireless/ti/wlcore/cmd.o
  CC      drivers/thermal/thermal_sysfs.o
  CC      drivers/tee/optee/notif.o
  CC [M]  drivers/net/wireless/ti/wlcore/io.o
  CC [M]  drivers/net/wireless/ti/wlcore/event.o
  CC      drivers/staging/media/imx/imx-media-vdic.o
  CC [M]  drivers/media/dvb-frontends/zd1301_demod.o
  CC      drivers/tee/optee/rpc.o
  CC      drivers/thermal/thermal_helpers.o
  CC      drivers/tee/optee/supp.o
  CC      drivers/staging/media/imx/imx-media-csc-scaler.o
  CC      drivers/thermal/thermal_hwmon.o
  CC      drivers/thermal/thermal_of.o
  CC [M]  drivers/media/dvb-frontends/zl10036.o
  CC [M]  drivers/media/dvb-frontends/zl10039.o
  CC      drivers/tee/optee/device.o
  CC [M]  drivers/media/dvb-frontends/zl10353.o
  CC      drivers/tee/optee/smc_abi.o
  AR      drivers/media/dvb-frontends/built-in.a
  CC      drivers/tee/optee/ffa_abi.o
  CC      drivers/thermal/gov_step_wise.o
  CC      drivers/staging/media/imx/imx-media-csi.o
  CC      drivers/thermal/cpufreq_cooling.o
  CC [M]  drivers/net/wireless/ti/wlcore/tx.o
  LD [M]  drivers/media/dvb-frontends/cxd2820r.o
  AR      drivers/thermal/broadcom/built-in.a
  AR      drivers/staging/media/deprecated/vpfe_capture/built-in.a
  AR      drivers/staging/media/deprecated/saa7146/common/built-in.a
  AR      drivers/staging/media/deprecated/saa7146/av7110/built-in.a
  AR      drivers/staging/media/deprecated/saa7146/saa7146/built-in.a
  CC [M]  drivers/net/wireless/ti/wl12xx/main.o
  AR      drivers/staging/media/deprecated/saa7146/ttpci/built-in.a
  AR      drivers/staging/media/deprecated/saa7146/built-in.a
  CC [M]  drivers/net/wireless/ti/wl12xx/cmd.o
  AR      drivers/tee/optee/built-in.a
  AR      drivers/tee/built-in.a
  CC [M]  drivers/net/wireless/ti/wlcore/rx.o
  LD [M]  drivers/media/dvb-frontends/drxd.o
  LD [M]  drivers/media/dvb-frontends/drxk.o
  LD [M]  drivers/media/dvb-frontends/stb0899.o
  LD [M]  drivers/media/dvb-frontends/stv0900.o
  AR      drivers/thermal/samsung/built-in.a
  AR      drivers/thermal/intel/built-in.a
  AR      drivers/thermal/st/built-in.a
  AR      drivers/thermal/qcom/built-in.a
  AR      drivers/thermal/tegra/built-in.a
  CC      drivers/thermal/imx_thermal.o
  CC      drivers/tty/tty_io.o
  CC      drivers/staging/media/imx/imx-media-fim.o
  AR      drivers/ufs/built-in.a
  CC      drivers/staging/media/imx/imx6-mipi-csi2.o
  AR      drivers/media/built-in.a
  CC      drivers/staging/media/imx/imx7-media-csi.o
  AR      drivers/thermal/built-in.a
  CC      drivers/staging/media/imx/imx8mq-mipi-csi2.o
  CC [M]  drivers/net/wireless/ti/wl12xx/acx.o
  CC [M]  drivers/net/wireless/ti/wlcore/ps.o
  CC [M]  drivers/net/wireless/ti/wlcore/acx.o
  CC [M]  drivers/net/wireless/ti/wl18xx/main.o
  CC [M]  drivers/net/wireless/ti/wl18xx/acx.o
  CC [M]  drivers/net/wireless/ti/wl12xx/debugfs.o
  CC [M]  drivers/net/wireless/ti/wl18xx/tx.o
  CC      drivers/tty/n_tty.o
  AR      drivers/staging/media/imx/built-in.a
  AR      drivers/staging/media/built-in.a
  AR      drivers/staging/built-in.a
  CC      drivers/video/hdmi.o
  CC      drivers/video/console/dummycon.o
  CC [M]  drivers/net/wireless/ti/wl12xx/scan.o
  CC [M]  drivers/net/wireless/ti/wl12xx/event.o
  CC [M]  drivers/net/wireless/ti/wl18xx/io.o
  CC      drivers/tty/tty_ioctl.o
  AR      drivers/video/console/built-in.a
  CC [M]  drivers/net/wireless/ti/wlcore/boot.o
  CC      drivers/video/logo/logo.o
  CC [M]  drivers/net/wireless/ti/wlcore/init.o
  AR      drivers/virtio/built-in.a
  CC      drivers/video/logo/logo_linux_clut224.o
  CC      drivers/video/backlight/backlight.o
  LOGO    drivers/video/logo/logo_linux_mono.c
  LOGO    drivers/video/logo/logo_linux_vga16.c
  CC      drivers/video/logo/logo_linux_mono.o
  CC [M]  drivers/net/wireless/ti/wl18xx/debugfs.o
  LD [M]  drivers/net/wireless/ti/wl12xx/wl12xx.o
  CC      drivers/video/logo/logo_linux_vga16.o
  AR      drivers/video/fbdev/omap/built-in.a
  CC      drivers/video/fbdev/core/fb_cmdline.o
  CC      drivers/video/fbdev/core/fb_notify.o
  AR      drivers/video/logo/built-in.a
  CC [M]  drivers/net/wireless/ti/wl18xx/scan.o
  CC      drivers/tty/tty_ldisc.o
  CC      drivers/video/display_timing.o
  CC      drivers/video/backlight/pwm_bl.o
  CC [M]  drivers/net/wireless/ti/wlcore/debugfs.o
  CC      drivers/video/backlight/lcd.o
  CC      drivers/video/fbdev/core/fbmem.o
  CC      drivers/video/fbdev/core/fbmon.o
  CC      drivers/video/fbdev/core/fbcmap.o
  CC      drivers/tty/tty_buffer.o
  CC [M]  drivers/net/wireless/ti/wl18xx/cmd.o
  CC      drivers/video/fbdev/core/fbsysfs.o
  CC      drivers/video/backlight/l4f00242t03.o
  CC      drivers/tty/tty_port.o
  CC      drivers/video/fbdev/core/modedb.o
  CC [M]  drivers/net/wireless/ti/wl18xx/event.o
  CC      drivers/video/videomode.o
  CC      drivers/video/of_display_timing.o
  CC [M]  drivers/net/wireless/ti/wlcore/scan.o
  AR      drivers/video/fbdev/omap2/omapfb/dss/built-in.a
  AR      drivers/video/fbdev/omap2/omapfb/displays/built-in.a
  AR      drivers/video/fbdev/omap2/omapfb/built-in.a
  AR      drivers/video/fbdev/omap2/built-in.a
  CC      drivers/video/backlight/platform_lcd.o
  CC      drivers/video/of_videomode.o
  CC      drivers/tty/tty_mutex.o
  CC      drivers/video/fbdev/core/fbcvt.o
  CC      drivers/video/fbdev/core/fb_defio.o
  CC      drivers/video/fbdev/core/fbcon.o
  LD [M]  drivers/net/wireless/ti/wl18xx/wl18xx.o
  CC      drivers/video/fbdev/core/bitblit.o
  CC      drivers/video/backlight/gpio_backlight.o
  CC [M]  drivers/net/wireless/ti/wlcore/sysfs.o
  CC      drivers/tty/tty_ldsem.o
  CC      drivers/video/fbdev/mx3fb.o
  CC [M]  drivers/net/wireless/ti/wlcore/vendor_cmd.o
  AR      drivers/video/backlight/built-in.a
  CC      drivers/tty/tty_baudrate.o
  CC      drivers/tty/tty_jobctrl.o
  CC      drivers/tty/n_null.o
  CC      drivers/video/fbdev/core/softcursor.o
  CC      drivers/video/fbdev/core/cfbfillrect.o
  CC      drivers/tty/pty.o
  CC      drivers/tty/sysrq.o
  CC [M]  drivers/net/wireless/ti/wlcore/sdio.o
  CC      drivers/tty/vt/vt_ioctl.o
  CC      drivers/tty/serial/serial_core.o
  CC      drivers/tty/serial/earlycon.o
  CC      drivers/tty/serial/imx.o
  CC      drivers/video/fbdev/core/cfbcopyarea.o
  CC      drivers/watchdog/watchdog_core.o
  CC      drivers/watchdog/watchdog_dev.o
  LD [M]  drivers/net/wireless/ti/wlcore/wlcore.o
  LD [M]  drivers/net/wireless/ti/wlcore/wlcore_sdio.o
  AR      drivers/net/wireless/built-in.a
  AR      drivers/net/built-in.a
  CC      drivers/tty/serial/imx_earlycon.o
  CC      drivers/tty/serdev/core.o
  CC      drivers/tty/vt/vc_screen.o
  CC      drivers/watchdog/imx2_wdt.o
  CC      drivers/tty/vt/selection.o
  CC      drivers/video/fbdev/core/cfbimgblt.o
  CC      drivers/tty/serdev/serdev-ttyport.o
  AR      drivers/tty/ipwireless/built-in.a
  CC      drivers/tty/serial/fsl_lpuart.o
  CC      drivers/tty/serial/serial_mctrl_gpio.o
  CC      drivers/watchdog/rn5t618_wdt.o
  CC      drivers/tty/vt/keyboard.o
  CC      drivers/tty/vt/consolemap.o
  CC      drivers/watchdog/imx7ulp_wdt.o
  AR      drivers/tty/serdev/built-in.a
  CC      drivers/video/fbdev/core/sysfillrect.o
  CC      drivers/video/fbdev/core/syscopyarea.o
  CC      drivers/video/fbdev/core/sysimgblt.o
  CC      drivers/tty/vt/consolemap_deftbl.o
  CC      drivers/tty/vt/vt.o
  CC      drivers/watchdog/da9062_wdt.o
  CC      drivers/tty/vt/defkeymap.o
  CC      drivers/video/fbdev/core/fb_sys_fops.o
  AR      drivers/tty/serial/built-in.a
  CC [M]  drivers/watchdog/da9063_wdt.o
  AR      drivers/watchdog/built-in.a
  AR      drivers/video/fbdev/core/built-in.a
  AR      drivers/video/fbdev/built-in.a
  AR      drivers/video/built-in.a
  AR      drivers/tty/vt/built-in.a
  AR      drivers/tty/built-in.a
  AR      drivers/built-in.a
  AR      built-in.a
  AR      vmlinux.a
  LD      vmlinux.o
  OBJCOPY modules.builtin.modinfo
  GEN     modules.builtin
  GEN     .vmlinux.objs
  MODPOST Module.symvers
  CC      .vmlinux.export.o
  CC [M]  drivers/dma/dmatest.mod.o
  CC [M]  drivers/dma/imx-sdma.mod.o
  CC [M]  drivers/gpio/gpio-siox.mod.o
  CC [M]  drivers/gpu/drm/bridge/synopsys/dw-hdmi-ahb-audio.mod.o
  CC [M]  drivers/i2c/algos/i2c-algo-pca.mod.o
  CC [M]  drivers/i2c/algos/i2c-algo-pcf.mod.o
  CC [M]  drivers/input/mouse/psmouse.mod.o
  CC [M]  drivers/input/serio/serport.mod.o
  CC [M]  drivers/irqchip/irq-imx-mu-msi.mod.o
  CC [M]  drivers/media/dvb-frontends/a8293.mod.o
  CC [M]  drivers/media/dvb-frontends/af9013.mod.o
  CC [M]  drivers/media/dvb-frontends/af9033.mod.o
  CC [M]  drivers/media/dvb-frontends/ascot2e.mod.o
  CC [M]  drivers/media/dvb-frontends/atbm8830.mod.o
  UPD     include/generated/utsversion.h
  CC      init/version-timestamp.o
  CC [M]  drivers/media/dvb-frontends/au8522_common.mod.o
  CC [M]  drivers/media/dvb-frontends/au8522_decoder.mod.o
  CC [M]  drivers/media/dvb-frontends/au8522_dig.mod.o
  CC [M]  drivers/media/dvb-frontends/bcm3510.mod.o
  CC [M]  drivers/media/dvb-frontends/cx22700.mod.o
  CC [M]  drivers/media/dvb-frontends/cx22702.mod.o
  CC [M]  drivers/media/dvb-frontends/cx24110.mod.o
  LD      .tmp_vmlinux.kallsyms1
  CC [M]  drivers/media/dvb-frontends/cx24113.mod.o
  CC [M]  drivers/media/dvb-frontends/cx24116.mod.o
  CC [M]  drivers/media/dvb-frontends/cx24117.mod.o
  CC [M]  drivers/media/dvb-frontends/cx24120.mod.o
  CC [M]  drivers/media/dvb-frontends/cx24123.mod.o
  CC [M]  drivers/media/dvb-frontends/cxd2099.mod.o
  CC [M]  drivers/media/dvb-frontends/cxd2820r.mod.o
  CC [M]  drivers/media/dvb-frontends/cxd2841er.mod.o
  CC [M]  drivers/media/dvb-frontends/cxd2880/cxd2880.mod.o
  CC [M]  drivers/media/dvb-frontends/dib0070.mod.o
  CC [M]  drivers/media/dvb-frontends/dib0090.mod.o
  CC [M]  drivers/media/dvb-frontends/dib3000mb.mod.o
  CC [M]  drivers/media/dvb-frontends/dib3000mc.mod.o
  CC [M]  drivers/media/dvb-frontends/dib7000m.mod.o
  CC [M]  drivers/media/dvb-frontends/dib7000p.mod.o
  CC [M]  drivers/media/dvb-frontends/dib8000.mod.o
  CC [M]  drivers/media/dvb-frontends/dib9000.mod.o
  CC [M]  drivers/media/dvb-frontends/dibx000_common.mod.o
  CC [M]  drivers/media/dvb-frontends/drx39xyj/drx39xyj.mod.o
  CC [M]  drivers/media/dvb-frontends/drxd.mod.o
  CC [M]  drivers/media/dvb-frontends/drxk.mod.o
  CC [M]  drivers/media/dvb-frontends/ds3000.mod.o
  CC [M]  drivers/media/dvb-frontends/dvb-pll.mod.o
  CC [M]  drivers/media/dvb-frontends/ec100.mod.o
  CC [M]  drivers/media/dvb-frontends/helene.mod.o
  CC [M]  drivers/media/dvb-frontends/horus3a.mod.o
  CC [M]  drivers/media/dvb-frontends/isl6405.mod.o
  CC [M]  drivers/media/dvb-frontends/isl6421.mod.o
  CC [M]  drivers/media/dvb-frontends/isl6423.mod.o
  CC [M]  drivers/media/dvb-frontends/itd1000.mod.o
  CC [M]  drivers/media/dvb-frontends/ix2505v.mod.o
  CC [M]  drivers/media/dvb-frontends/l64781.mod.o
  CC [M]  drivers/media/dvb-frontends/lg2160.mod.o
  CC [M]  drivers/media/dvb-frontends/lgdt3305.mod.o
  CC [M]  drivers/media/dvb-frontends/lgdt3306a.mod.o
  CC [M]  drivers/media/dvb-frontends/lgdt330x.mod.o
  CC [M]  drivers/media/dvb-frontends/lgs8gl5.mod.o
  CC [M]  drivers/media/dvb-frontends/lgs8gxx.mod.o
  CC [M]  drivers/media/dvb-frontends/lnbh25.mod.o
  CC [M]  drivers/media/dvb-frontends/lnbh29.mod.o
  CC [M]  drivers/media/dvb-frontends/lnbp21.mod.o
  CC [M]  drivers/media/dvb-frontends/lnbp22.mod.o
  CC [M]  drivers/media/dvb-frontends/m88ds3103.mod.o
  CC [M]  drivers/media/dvb-frontends/m88rs2000.mod.o
  CC [M]  drivers/media/dvb-frontends/mb86a16.mod.o
  CC [M]  drivers/media/dvb-frontends/mb86a20s.mod.o
  CC [M]  drivers/media/dvb-frontends/mn88443x.mod.o
  CC [M]  drivers/media/dvb-frontends/mn88472.mod.o
  CC [M]  drivers/media/dvb-frontends/mn88473.mod.o
  CC [M]  drivers/media/dvb-frontends/mt312.mod.o
  CC [M]  drivers/media/dvb-frontends/mt352.mod.o
  CC [M]  drivers/media/dvb-frontends/mxl5xx.mod.o
  CC [M]  drivers/media/dvb-frontends/mxl692.mod.o
  CC [M]  drivers/media/dvb-frontends/nxt200x.mod.o
  CC [M]  drivers/media/dvb-frontends/nxt6000.mod.o
  CC [M]  drivers/media/dvb-frontends/or51132.mod.o
  NM      .tmp_vmlinux.kallsyms1.syms
  CC [M]  drivers/media/dvb-frontends/or51211.mod.o
  CC [M]  drivers/media/dvb-frontends/rtl2830.mod.o
  CC [M]  drivers/media/dvb-frontends/rtl2832.mod.o
  KSYMS   .tmp_vmlinux.kallsyms1.S
  CC [M]  drivers/media/dvb-frontends/rtl2832_sdr.mod.o
  CC [M]  drivers/media/dvb-frontends/s5h1409.mod.o
  CC [M]  drivers/media/dvb-frontends/s5h1411.mod.o
  CC [M]  drivers/media/dvb-frontends/s5h1420.mod.o
  CC [M]  drivers/media/dvb-frontends/s5h1432.mod.o
  CC [M]  drivers/media/dvb-frontends/s921.mod.o
  CC [M]  drivers/media/dvb-frontends/si2165.mod.o
  CC [M]  drivers/media/dvb-frontends/si2168.mod.o
  CC [M]  drivers/media/dvb-frontends/si21xx.mod.o
  CC [M]  drivers/media/dvb-frontends/sp2.mod.o
  CC [M]  drivers/media/dvb-frontends/sp887x.mod.o
  CC [M]  drivers/media/dvb-frontends/stb0899.mod.o
  CC [M]  drivers/media/dvb-frontends/stb6000.mod.o
  CC [M]  drivers/media/dvb-frontends/stb6100.mod.o
  CC [M]  drivers/media/dvb-frontends/stv0288.mod.o
  CC [M]  drivers/media/dvb-frontends/stv0297.mod.o
  CC [M]  drivers/media/dvb-frontends/stv0299.mod.o
  CC [M]  drivers/media/dvb-frontends/stv0367.mod.o
  CC [M]  drivers/media/dvb-frontends/stv0900.mod.o
  CC [M]  drivers/media/dvb-frontends/stv090x.mod.o
  CC [M]  drivers/media/dvb-frontends/stv0910.mod.o
  CC [M]  drivers/media/dvb-frontends/stv6110.mod.o
  CC [M]  drivers/media/dvb-frontends/stv6110x.mod.o
  CC [M]  drivers/media/dvb-frontends/stv6111.mod.o
  CC [M]  drivers/media/dvb-frontends/tc90522.mod.o
  CC [M]  drivers/media/dvb-frontends/tda10021.mod.o
  CC [M]  drivers/media/dvb-frontends/tda10023.mod.o
  CC [M]  drivers/media/dvb-frontends/tda10048.mod.o
  CC [M]  drivers/media/dvb-frontends/tda1004x.mod.o
  CC [M]  drivers/media/dvb-frontends/tda10071.mod.o
  CC [M]  drivers/media/dvb-frontends/tda10086.mod.o
  CC [M]  drivers/media/dvb-frontends/tda18271c2dd.mod.o
  AS      .tmp_vmlinux.kallsyms1.o
  CC [M]  drivers/media/dvb-frontends/tda665x.mod.o
  CC [M]  drivers/media/dvb-frontends/tda8083.mod.o
  CC [M]  drivers/media/dvb-frontends/tda8261.mod.o
  CC [M]  drivers/media/dvb-frontends/tda826x.mod.o
  CC [M]  drivers/media/dvb-frontends/ts2020.mod.o
  CC [M]  drivers/media/dvb-frontends/tua6100.mod.o
  CC [M]  drivers/media/dvb-frontends/ves1820.mod.o
  CC [M]  drivers/media/dvb-frontends/ves1x93.mod.o
  CC [M]  drivers/media/dvb-frontends/zd1301_demod.mod.o
  CC [M]  drivers/media/dvb-frontends/zl10036.mod.o
  CC [M]  drivers/media/dvb-frontends/zl10039.mod.o
  CC [M]  drivers/media/dvb-frontends/zl10353.mod.o
  CC [M]  drivers/media/i2c/adv7180.mod.o
  CC [M]  drivers/media/i2c/ov2680.mod.o
  CC [M]  drivers/media/i2c/ov5640.mod.o
  CC [M]  drivers/media/i2c/ov5645.mod.o
  CC [M]  drivers/media/platform/chips-media/coda-vpu.mod.o
  CC [M]  drivers/media/platform/chips-media/imx-vdoa.mod.o
  CC [M]  drivers/media/spi/cxd2880-spi.mod.o
  CC [M]  drivers/media/tuners/e4000.mod.o
  CC [M]  drivers/media/tuners/fc0011.mod.o
  CC [M]  drivers/media/tuners/fc0012.mod.o
  CC [M]  drivers/media/tuners/fc0013.mod.o
  CC [M]  drivers/media/tuners/fc2580.mod.o
  CC [M]  drivers/media/tuners/it913x.mod.o
  CC [M]  drivers/media/tuners/m88rs6000t.mod.o
  CC [M]  drivers/media/tuners/max2165.mod.o
  CC [M]  drivers/media/tuners/mc44s803.mod.o
  CC [M]  drivers/media/tuners/msi001.mod.o
  CC [M]  drivers/media/tuners/mt2060.mod.o
  CC [M]  drivers/media/tuners/mt2063.mod.o
  CC [M]  drivers/media/tuners/mt20xx.mod.o
  CC [M]  drivers/media/tuners/mt2131.mod.o
  CC [M]  drivers/media/tuners/mt2266.mod.o
  CC [M]  drivers/media/tuners/mxl301rf.mod.o
  CC [M]  drivers/media/tuners/mxl5005s.mod.o
  CC [M]  drivers/media/tuners/mxl5007t.mod.o
  CC [M]  drivers/media/tuners/qm1d1b0004.mod.o
  CC [M]  drivers/media/tuners/qm1d1c0042.mod.o
  CC [M]  drivers/media/tuners/qt1010.mod.o
  CC [M]  drivers/media/tuners/r820t.mod.o
  CC [M]  drivers/media/tuners/si2157.mod.o
  LD      .tmp_vmlinux.kallsyms2
  CC [M]  drivers/media/tuners/tda18212.mod.o
  CC [M]  drivers/media/tuners/tda18218.mod.o
  CC [M]  drivers/media/tuners/tda18250.mod.o
  CC [M]  drivers/media/tuners/tda18271.mod.o
  CC [M]  drivers/media/tuners/tda827x.mod.o
  CC [M]  drivers/media/tuners/tda8290.mod.o
  CC [M]  drivers/media/tuners/tda9887.mod.o
  CC [M]  drivers/media/tuners/tea5761.mod.o
  CC [M]  drivers/media/tuners/tea5767.mod.o
  CC [M]  drivers/media/tuners/tua9001.mod.o
  CC [M]  drivers/media/tuners/tuner-simple.mod.o
  CC [M]  drivers/media/tuners/tuner-types.mod.o
  CC [M]  drivers/media/tuners/xc2028.mod.o
  CC [M]  drivers/media/tuners/xc4000.mod.o
  CC [M]  drivers/media/tuners/xc5000.mod.o
  CC [M]  drivers/media/usb/uvc/uvcvideo.mod.o
  CC [M]  drivers/media/v4l2-core/v4l2-jpeg.mod.o
  CC [M]  drivers/net/usb/cdc_eem.mod.o
  CC [M]  drivers/net/usb/pegasus.mod.o
  CC [M]  drivers/net/usb/rtl8150.mod.o
  CC [M]  drivers/net/wireless/ath/ath.mod.o
  CC [M]  drivers/net/wireless/ath/ath10k/ath10k_core.mod.o
  CC [M]  drivers/net/wireless/ath/ath10k/ath10k_sdio.mod.o
  CC [M]  drivers/net/wireless/broadcom/brcm80211/brcmfmac/brcmfmac.mod.o
  CC [M]  drivers/net/wireless/broadcom/brcm80211/brcmutil/brcmutil.mod.o
  CC [M]  drivers/net/wireless/marvell/mwifiex/mwifiex.mod.o
  CC [M]  drivers/net/wireless/marvell/mwifiex/mwifiex_pcie.mod.o
  CC [M]  drivers/net/wireless/marvell/mwifiex/mwifiex_sdio.mod.o
  CC [M]  drivers/net/wireless/ti/wl12xx/wl12xx.mod.o
  CC [M]  drivers/net/wireless/ti/wl18xx/wl18xx.mod.o
  CC [M]  drivers/net/wireless/ti/wlcore/wlcore.mod.o
  CC [M]  drivers/net/wireless/ti/wlcore/wlcore_sdio.mod.o
  CC [M]  drivers/power/supply/rn5t618_power.mod.o
  CC [M]  drivers/siox/siox-bus-gpio.mod.o
  CC [M]  drivers/siox/siox-core.mod.o
  CC [M]  drivers/usb/class/cdc-acm.mod.o
  CC [M]  drivers/usb/gadget/legacy/g_audio.mod.o
  CC [M]  drivers/usb/gadget/legacy/g_ether.mod.o
  CC [M]  drivers/usb/gadget/legacy/g_ffs.mod.o
  CC [M]  drivers/usb/gadget/legacy/g_mass_storage.mod.o
  CC [M]  drivers/usb/gadget/legacy/g_ncm.mod.o
  CC [M]  drivers/usb/gadget/legacy/g_serial.mod.o
  CC [M]  drivers/usb/gadget/legacy/g_zero.mod.o
  CC [M]  drivers/usb/gadget/legacy/gadgetfs.mod.o
  CC [M]  drivers/usb/misc/ehset.mod.o
  CC [M]  drivers/usb/misc/usbtest.mod.o
  CC [M]  drivers/usb/serial/ftdi_sio.mod.o
  CC [M]  drivers/usb/serial/option.mod.o
  CC [M]  drivers/usb/serial/usb_wwan.mod.o
  CC [M]  drivers/usb/serial/usbserial.mod.o
  CC [M]  drivers/watchdog/da9063_wdt.mod.o
  CC [M]  fs/binfmt_misc.mod.o
  CC [M]  fs/fat/msdos.mod.o
  CC [M]  fs/isofs/isofs.mod.o
  CC [M]  fs/nls/nls_iso8859-15.mod.o
  CC [M]  fs/udf/udf.mod.o
  NM      .tmp_vmlinux.kallsyms2.syms
  CC [M]  lib/crc-itu-t.mod.o
  CC [M]  lib/crc7.mod.o
  CC [M]  lib/libcrc32c.mod.o
  CC [M]  net/bluetooth/bnep/bnep.mod.o
  CC [M]  sound/core/snd-hwdep.mod.o
  CC [M]  sound/usb/snd-usb-audio.mod.o
  CC [M]  sound/usb/snd-usbmidi-lib.mod.o
  KSYMS   .tmp_vmlinux.kallsyms2.S
  LD [M]  drivers/dma/dmatest.ko
  LD [M]  drivers/dma/imx-sdma.ko
  LD [M]  drivers/gpio/gpio-siox.ko
  LD [M]  drivers/gpu/drm/bridge/synopsys/dw-hdmi-ahb-audio.ko
  LD [M]  drivers/i2c/algos/i2c-algo-pca.ko
  LD [M]  drivers/i2c/algos/i2c-algo-pcf.ko
  LD [M]  drivers/input/mouse/psmouse.ko
  LD [M]  drivers/input/serio/serport.ko
  LD [M]  drivers/irqchip/irq-imx-mu-msi.ko
  LD [M]  drivers/media/dvb-frontends/a8293.ko
  LD [M]  drivers/media/dvb-frontends/af9013.ko
  LD [M]  drivers/media/dvb-frontends/af9033.ko
  LD [M]  drivers/media/dvb-frontends/ascot2e.ko
  LD [M]  drivers/media/dvb-frontends/atbm8830.ko
  LD [M]  drivers/media/dvb-frontends/au8522_common.ko
  LD [M]  drivers/media/dvb-frontends/au8522_decoder.ko
  LD [M]  drivers/media/dvb-frontends/au8522_dig.ko
  LD [M]  drivers/media/dvb-frontends/bcm3510.ko
  LD [M]  drivers/media/dvb-frontends/cx22700.ko
  LD [M]  drivers/media/dvb-frontends/cx22702.ko
  LD [M]  drivers/media/dvb-frontends/cx24110.ko
  LD [M]  drivers/media/dvb-frontends/cx24113.ko
  LD [M]  drivers/media/dvb-frontends/cx24116.ko
  LD [M]  drivers/media/dvb-frontends/cx24117.ko
  LD [M]  drivers/media/dvb-frontends/cx24120.ko
  LD [M]  drivers/media/dvb-frontends/cx24123.ko
  LD [M]  drivers/media/dvb-frontends/cxd2099.ko
  LD [M]  drivers/media/dvb-frontends/cxd2820r.ko
  LD [M]  drivers/media/dvb-frontends/cxd2841er.ko
  LD [M]  drivers/media/dvb-frontends/cxd2880/cxd2880.ko
  LD [M]  drivers/media/dvb-frontends/dib0070.ko
  LD [M]  drivers/media/dvb-frontends/dib0090.ko
  LD [M]  drivers/media/dvb-frontends/dib3000mb.ko
  LD [M]  drivers/media/dvb-frontends/dib7000m.ko
  LD [M]  drivers/media/dvb-frontends/dib3000mc.ko
  LD [M]  drivers/media/dvb-frontends/dib8000.ko
  LD [M]  drivers/media/dvb-frontends/dib7000p.ko
  LD [M]  drivers/media/dvb-frontends/dib9000.ko
  LD [M]  drivers/media/dvb-frontends/dibx000_common.ko
  LD [M]  drivers/media/dvb-frontends/drx39xyj/drx39xyj.ko
  LD [M]  drivers/media/dvb-frontends/drxd.ko
  LD [M]  drivers/media/dvb-frontends/drxk.ko
  LD [M]  drivers/media/dvb-frontends/ds3000.ko
  LD [M]  drivers/media/dvb-frontends/dvb-pll.ko
  LD [M]  drivers/media/dvb-frontends/ec100.ko
  LD [M]  drivers/media/dvb-frontends/helene.ko
  LD [M]  drivers/media/dvb-frontends/horus3a.ko
  LD [M]  drivers/media/dvb-frontends/isl6405.ko
  LD [M]  drivers/media/dvb-frontends/isl6421.ko
  LD [M]  drivers/media/dvb-frontends/isl6423.ko
  LD [M]  drivers/media/dvb-frontends/itd1000.ko
  LD [M]  drivers/media/dvb-frontends/ix2505v.ko
  LD [M]  drivers/media/dvb-frontends/l64781.ko
  LD [M]  drivers/media/dvb-frontends/lg2160.ko
  LD [M]  drivers/media/dvb-frontends/lgdt3305.ko
  LD [M]  drivers/media/dvb-frontends/lgdt3306a.ko
  LD [M]  drivers/media/dvb-frontends/lgs8gl5.ko
  LD [M]  drivers/media/dvb-frontends/lgdt330x.ko
  LD [M]  drivers/media/dvb-frontends/lgs8gxx.ko
  LD [M]  drivers/media/dvb-frontends/lnbh25.ko
  LD [M]  drivers/media/dvb-frontends/lnbh29.ko
  LD [M]  drivers/media/dvb-frontends/lnbp21.ko
  LD [M]  drivers/media/dvb-frontends/lnbp22.ko
  LD [M]  drivers/media/dvb-frontends/m88ds3103.ko
  LD [M]  drivers/media/dvb-frontends/m88rs2000.ko
  LD [M]  drivers/media/dvb-frontends/mb86a16.ko
  LD [M]  drivers/media/dvb-frontends/mb86a20s.ko
  LD [M]  drivers/media/dvb-frontends/mn88443x.ko
  LD [M]  drivers/media/dvb-frontends/mn88472.ko
  LD [M]  drivers/media/dvb-frontends/mn88473.ko
  LD [M]  drivers/media/dvb-frontends/mt312.ko
  LD [M]  drivers/media/dvb-frontends/mt352.ko
  LD [M]  drivers/media/dvb-frontends/mxl5xx.ko
  LD [M]  drivers/media/dvb-frontends/mxl692.ko
  LD [M]  drivers/media/dvb-frontends/nxt6000.ko
  LD [M]  drivers/media/dvb-frontends/nxt200x.ko
  LD [M]  drivers/media/dvb-frontends/or51132.ko
  LD [M]  drivers/media/dvb-frontends/or51211.ko
  LD [M]  drivers/media/dvb-frontends/rtl2830.ko
  LD [M]  drivers/media/dvb-frontends/rtl2832.ko
  LD [M]  drivers/media/dvb-frontends/rtl2832_sdr.ko
  LD [M]  drivers/media/dvb-frontends/s5h1409.ko
  LD [M]  drivers/media/dvb-frontends/s5h1411.ko
  LD [M]  drivers/media/dvb-frontends/s5h1420.ko
  LD [M]  drivers/media/dvb-frontends/s5h1432.ko
  LD [M]  drivers/media/dvb-frontends/s921.ko
  LD [M]  drivers/media/dvb-frontends/si2165.ko
  LD [M]  drivers/media/dvb-frontends/si2168.ko
  LD [M]  drivers/media/dvb-frontends/si21xx.ko
  LD [M]  drivers/media/dvb-frontends/sp2.ko
  LD [M]  drivers/media/dvb-frontends/sp887x.ko
  LD [M]  drivers/media/dvb-frontends/stb0899.ko
  LD [M]  drivers/media/dvb-frontends/stb6000.ko
  LD [M]  drivers/media/dvb-frontends/stb6100.ko
  LD [M]  drivers/media/dvb-frontends/stv0288.ko
  LD [M]  drivers/media/dvb-frontends/stv0297.ko
  LD [M]  drivers/media/dvb-frontends/stv0299.ko
  LD [M]  drivers/media/dvb-frontends/stv0367.ko
  LD [M]  drivers/media/dvb-frontends/stv0900.ko
  LD [M]  drivers/media/dvb-frontends/stv090x.ko
  LD [M]  drivers/media/dvb-frontends/stv0910.ko
  LD [M]  drivers/media/dvb-frontends/stv6110.ko
  LD [M]  drivers/media/dvb-frontends/stv6110x.ko
  LD [M]  drivers/media/dvb-frontends/stv6111.ko
  LD [M]  drivers/media/dvb-frontends/tc90522.ko
  LD [M]  drivers/media/dvb-frontends/tda10021.ko
  LD [M]  drivers/media/dvb-frontends/tda10023.ko
  LD [M]  drivers/media/dvb-frontends/tda10048.ko
  LD [M]  drivers/media/dvb-frontends/tda1004x.ko
  LD [M]  drivers/media/dvb-frontends/tda10071.ko
  LD [M]  drivers/media/dvb-frontends/tda10086.ko
  LD [M]  drivers/media/dvb-frontends/tda18271c2dd.ko
  LD [M]  drivers/media/dvb-frontends/tda665x.ko
  LD [M]  drivers/media/dvb-frontends/tda8083.ko
  LD [M]  drivers/media/dvb-frontends/tda8261.ko
  LD [M]  drivers/media/dvb-frontends/tda826x.ko
  LD [M]  drivers/media/dvb-frontends/ts2020.ko
  LD [M]  drivers/media/dvb-frontends/tua6100.ko
  LD [M]  drivers/media/dvb-frontends/ves1820.ko
  LD [M]  drivers/media/dvb-frontends/ves1x93.ko
  LD [M]  drivers/media/dvb-frontends/zd1301_demod.ko
  LD [M]  drivers/media/dvb-frontends/zl10036.ko
  LD [M]  drivers/media/dvb-frontends/zl10039.ko
  LD [M]  drivers/media/dvb-frontends/zl10353.ko
  LD [M]  drivers/media/i2c/adv7180.ko
  LD [M]  drivers/media/i2c/ov2680.ko
  LD [M]  drivers/media/i2c/ov5645.ko
  LD [M]  drivers/media/i2c/ov5640.ko
  LD [M]  drivers/media/platform/chips-media/coda-vpu.ko
  LD [M]  drivers/media/platform/chips-media/imx-vdoa.ko
  LD [M]  drivers/media/tuners/e4000.ko
  LD [M]  drivers/media/spi/cxd2880-spi.ko
  LD [M]  drivers/media/tuners/fc0011.ko
  LD [M]  drivers/media/tuners/fc0012.ko
  LD [M]  drivers/media/tuners/fc0013.ko
  LD [M]  drivers/media/tuners/fc2580.ko
  LD [M]  drivers/media/tuners/it913x.ko
  LD [M]  drivers/media/tuners/m88rs6000t.ko
  LD [M]  drivers/media/tuners/max2165.ko
  LD [M]  drivers/media/tuners/mc44s803.ko
  LD [M]  drivers/media/tuners/msi001.ko
  LD [M]  drivers/media/tuners/mt2060.ko
  LD [M]  drivers/media/tuners/mt2063.ko
  LD [M]  drivers/media/tuners/mt20xx.ko
  LD [M]  drivers/media/tuners/mt2131.ko
  LD [M]  drivers/media/tuners/mt2266.ko
  LD [M]  drivers/media/tuners/mxl301rf.ko
  LD [M]  drivers/media/tuners/mxl5005s.ko
  LD [M]  drivers/media/tuners/mxl5007t.ko
  LD [M]  drivers/media/tuners/qm1d1b0004.ko
  LD [M]  drivers/media/tuners/qm1d1c0042.ko
  LD [M]  drivers/media/tuners/qt1010.ko
  LD [M]  drivers/media/tuners/r820t.ko
  LD [M]  drivers/media/tuners/si2157.ko
  LD [M]  drivers/media/tuners/tda18212.ko
  LD [M]  drivers/media/tuners/tda18218.ko
  LD [M]  drivers/media/tuners/tda18271.ko
  LD [M]  drivers/media/tuners/tda18250.ko
  LD [M]  drivers/media/tuners/tda827x.ko
  LD [M]  drivers/media/tuners/tda8290.ko
  LD [M]  drivers/media/tuners/tda9887.ko
  LD [M]  drivers/media/tuners/tea5761.ko
  LD [M]  drivers/media/tuners/tea5767.ko
  LD [M]  drivers/media/tuners/tua9001.ko
  LD [M]  drivers/media/tuners/tuner-simple.ko
  LD [M]  drivers/media/tuners/tuner-types.ko
  LD [M]  drivers/media/tuners/xc2028.ko
  LD [M]  drivers/media/tuners/xc4000.ko
  LD [M]  drivers/media/tuners/xc5000.ko
  LD [M]  drivers/media/v4l2-core/v4l2-jpeg.ko
  LD [M]  drivers/media/usb/uvc/uvcvideo.ko
  LD [M]  drivers/net/usb/cdc_eem.ko
  LD [M]  drivers/net/usb/pegasus.ko
  LD [M]  drivers/net/usb/rtl8150.ko
  LD [M]  drivers/net/wireless/ath/ath.ko
  LD [M]  drivers/net/wireless/ath/ath10k/ath10k_core.ko
  LD [M]  drivers/net/wireless/ath/ath10k/ath10k_sdio.ko
  LD [M]  drivers/net/wireless/broadcom/brcm80211/brcmfmac/brcmfmac.ko
  LD [M]  drivers/net/wireless/broadcom/brcm80211/brcmutil/brcmutil.ko
  LD [M]  drivers/net/wireless/marvell/mwifiex/mwifiex.ko
  LD [M]  drivers/net/wireless/marvell/mwifiex/mwifiex_pcie.ko
  LD [M]  drivers/net/wireless/marvell/mwifiex/mwifiex_sdio.ko
  LD [M]  drivers/net/wireless/ti/wl12xx/wl12xx.ko
  LD [M]  drivers/net/wireless/ti/wl18xx/wl18xx.ko
  LD [M]  drivers/net/wireless/ti/wlcore/wlcore.ko
  LD [M]  drivers/net/wireless/ti/wlcore/wlcore_sdio.ko
  LD [M]  drivers/power/supply/rn5t618_power.ko
  LD [M]  drivers/siox/siox-bus-gpio.ko
  LD [M]  drivers/siox/siox-core.ko
  LD [M]  drivers/usb/class/cdc-acm.ko
  LD [M]  drivers/usb/gadget/legacy/g_audio.ko
  LD [M]  drivers/usb/gadget/legacy/g_ether.ko
  LD [M]  drivers/usb/gadget/legacy/g_ffs.ko
  LD [M]  drivers/usb/gadget/legacy/g_mass_storage.ko
  LD [M]  drivers/usb/gadget/legacy/g_ncm.ko
  LD [M]  drivers/usb/gadget/legacy/g_serial.ko
  LD [M]  drivers/usb/gadget/legacy/g_zero.ko
  LD [M]  drivers/usb/gadget/legacy/gadgetfs.ko
  LD [M]  drivers/usb/misc/ehset.ko
  LD [M]  drivers/usb/misc/usbtest.ko
  LD [M]  drivers/usb/serial/ftdi_sio.ko
  LD [M]  drivers/usb/serial/option.ko
  LD [M]  drivers/usb/serial/usb_wwan.ko
  LD [M]  drivers/usb/serial/usbserial.ko
  LD [M]  drivers/watchdog/da9063_wdt.ko
  LD [M]  fs/binfmt_misc.ko
  LD [M]  fs/fat/msdos.ko
  LD [M]  fs/isofs/isofs.ko
  LD [M]  fs/udf/udf.ko
  LD [M]  fs/nls/nls_iso8859-15.ko
  LD [M]  lib/crc-itu-t.ko
  LD [M]  lib/libcrc32c.ko
  LD [M]  lib/crc7.ko
  LD [M]  net/bluetooth/bnep/bnep.ko
  LD [M]  sound/core/snd-hwdep.ko
  LD [M]  sound/usb/snd-usb-audio.ko
  LD [M]  sound/usb/snd-usbmidi-lib.ko
  AS      .tmp_vmlinux.kallsyms2.o
  LD      vmlinux
  NM      System.map
  SORTTAB vmlinux
  OBJCOPY arch/arm/boot/Image
  Kernel: arch/arm/boot/Image is ready
  LDS     arch/arm/boot/compressed/vmlinux.lds
  AS      arch/arm/boot/compressed/head.o
  GZIP    arch/arm/boot/compressed/piggy_data
  CC      arch/arm/boot/compressed/misc.o
  CC      arch/arm/boot/compressed/decompress.o
  CC      arch/arm/boot/compressed/string.o
  AS      arch/arm/boot/compressed/hyp-stub.o
  CC      arch/arm/boot/compressed/fdt_rw.o
  CC      arch/arm/boot/compressed/fdt_ro.o
  CC      arch/arm/boot/compressed/fdt_wip.o
  CC      arch/arm/boot/compressed/fdt.o
  CC      arch/arm/boot/compressed/fdt_check_mem_start.o
  AS      arch/arm/boot/compressed/lib1funcs.o
  AS      arch/arm/boot/compressed/ashldi3.o
  AS      arch/arm/boot/compressed/bswapsdi2.o
  AS      arch/arm/boot/compressed/piggy.o
  LD      arch/arm/boot/compressed/vmlinux
  OBJCOPY arch/arm/boot/zImage
  Kernel: arch/arm/boot/zImage is ready
make: Leaving directory '/home/osaleem/repos/linux-fslc'
